vid,name
剖胸术,剖胸术
中和试验,中和试验
粪便量,粪便量
隐血试验与含铁血黄素检查,隐血试验与含铁血黄素检查
输卵管通气试验,输卵管通气试验
EAC玫瑰花结形成试验,EAC玫瑰花结形成试验
踝反射,踝反射
肘后三角检查,肘后三角检查
嗜中性杆状粒细胞数,嗜中性杆状粒细胞数
五官MRI检查,五官MRI检查
乳头刺激试验,乳头刺激试验
于夏征,于夏征
硬币叩击征,硬币叩击征
乙型肝炎核心抗体免疫球蛋白G,乙型肝炎核心抗体免疫球蛋白G
游离肝素时间,游离肝素时间
异柠檬酸脱氢酶,异柠檬酸脱氢酶
胎儿碱性蛋白（BFP）,胎儿碱性蛋白（BFP）
乙型肝炎核心抗体免疫球蛋白M,乙型肝炎核心抗体免疫球蛋白M
关节腔液检查,关节腔液检查
肺炎支原体补体结合试验,肺炎支原体补体结合试验
表试验,表试验
β-脂蛋白定量,β-脂蛋白定量
糖化血清蛋白（GSP）,糖化血清蛋白（GSP）
心肌灌注显像,心肌灌注显像
脑脊液5-羟吲哚乙酸,脑脊液5-羟吲哚乙酸
输卵管通液检查,输卵管通液检查
头颅形状,头颅形状
眼底微血管检查,眼底微血管检查
抗着丝点抗体,抗着丝点抗体
过指试验,过指试验
抗心磷脂抗体,抗心磷脂抗体
溶解酶,溶解酶
泪腺检查法,泪腺检查法
脑脊液P物质,脑脊液P物质
血液果糖,血液果糖
胸腹水常规检查,胸腹水常规检查
甲型肝炎抗体,甲型肝炎抗体
肛门反射,肛门反射
脑脊液蛋白电泳,脑脊液蛋白电泳
脐检查,脐检查
气管软化试验,气管软化试验
寄生虫检查的直接涂片法,寄生虫检查的直接涂片法
布莱恩特三角检查,布莱恩特三角检查
乳酸脱氢酶同工酶,乳酸脱氢酶同工酶
粒细胞集落刺激因子,粒细胞集落刺激因子
乳突CT检查,乳突CT检查
激发试验,激发试验
窦道及瘘管造影,窦道及瘘管造影
阴道滴虫检查,阴道滴虫检查
翻转上睑方法,翻转上睑方法
五肽胃泌素胃液分析,五肽胃泌素胃液分析
糖尿病视网膜病变检查,糖尿病视网膜病变检查
"乳酸脱氢酶(LDH,LD)","乳酸脱氢酶(LDH,LD)"
尿比重3h试验,尿比重3h试验
皮肤癌检测,皮肤癌检测
尿胆红素（BIL）,尿胆红素（BIL）
细菌性食物中毒检测,细菌性食物中毒检测
胸廓挤压征,胸廓挤压征
早产视网膜病变筛查,早产视网膜病变筛查
流感病毒抗体,流感病毒抗体
肺量计检测,肺量计检测
尿含铁血红黄素,尿含铁血红黄素
乳房活检,乳房活检
药物迷走神经阻滞试验,药物迷走神经阻滞试验
嗜中性粒细胞核鼓槌小体,嗜中性粒细胞核鼓槌小体
乙醚放散试验,乙醚放散试验
纤维结肠镜检查,纤维结肠镜检查
异常红细胞形态检查,异常红细胞形态检查
纤维蛋白肽Bβ1～42,纤维蛋白肽Bβ1～42
双气囊小肠镜,双气囊小肠镜
胆囊超声波检查,胆囊超声波检查
"维生素B1（VitB1,VB1）","维生素B1（VitB1,VB1）"
意识状态,意识状态
布鲁津斯基征,布鲁津斯基征
肺功能检查,肺功能检查
细菌学检验,细菌学检验
肌酸激酶,肌酸激酶
尿瓜氨酸,尿瓜氨酸
脑氧代谢显像,脑氧代谢显像
全血镍,全血镍
腹部叩诊音,腹部叩诊音
血小板压积(PCT),血小板压积(PCT)
动眼神经检查,动眼神经检查
甲状腺摄131碘试验,甲状腺摄131碘试验
巨噬细胞或白细胞移动抑制试验(MMIT),巨噬细胞或白细胞移动抑制试验(MMIT)
抗胰腺腺泡抗体(PAB),抗胰腺腺泡抗体(PAB)
阴道瘘膀胱镜检查,阴道瘘膀胱镜检查
抗胃壁细胞抗体（APCA）,抗胃壁细胞抗体（APCA）
天门冬氨酸,天门冬氨酸
滑液检查,滑液检查
超氧化物岐化酶,超氧化物岐化酶
前列腺液颜色,前列腺液颜色
随意运动检查,随意运动检查
泪滴状红细胞,泪滴状红细胞
尿谷氨酰转肽酶(UGGT),尿谷氨酰转肽酶(UGGT)
羊水颜色,羊水颜色
促肾上腺皮质激素（ACTH）兴奋试验,促肾上腺皮质激素（ACTH）兴奋试验
硬币叩击试验,硬币叩击试验
血清N-乙酰-β-氨基葡萄糖酶（NAG）,血清N-乙酰-β-氨基葡萄糖酶（NAG）
肝胶体显像,肝胶体显像
甲状腺素(T4),甲状腺素(T4)
"血清氯(Cl-,Cl)","血清氯(Cl-,Cl)"
胸部CT检查,胸部CT检查
抬腿试验,抬腿试验
泪道冲洗,泪道冲洗
甲状旁腺激素,甲状旁腺激素
肺毛细血管楔压,肺毛细血管楔压
4-羟基-3-甲氧基扁桃酸,4-羟基-3-甲氧基扁桃酸
甲基红试验,甲基红试验
脑脊液葡萄糖和血清葡萄糖比值,脑脊液葡萄糖和血清葡萄糖比值
乙醇胶试验,乙醇胶试验
颅脑CT检查,颅脑CT检查
内镜下乳头括约肌切开术（EST）,内镜下乳头括约肌切开术（EST）
卵巢检查,卵巢检查
人绒毛膜促性腺激素（HCG）,人绒毛膜促性腺激素（HCG）
卧立位试验,卧立位试验
血清纤维蛋白降解产物测定,血清纤维蛋白降解产物测定
Fisher手指试验,Fisher手指试验
外生殖器检查,外生殖器检查
血清砷（As）,血清砷（As）
催乳素(PRL),催乳素(PRL)
Chvostek征,Chvostek征
角膜照影法,角膜照影法
无痛肠镜,无痛肠镜
前列腺液病原体,前列腺液病原体
子宫内膜活检,子宫内膜活检
脑脊液降钙素基因相关肽,脑脊液降钙素基因相关肽
糖链抗原125,糖链抗原125
二维超声心动图,二维超声心动图
羊水卵磷脂/鞘磷脂比值（L/S）,羊水卵磷脂/鞘磷脂比值（L/S）
舒张压,舒张压
δ-胆红素,δ-胆红素
可提取性核抗原（ENA）,可提取性核抗原（ENA）
T细胞花环形成试验,T细胞花环形成试验
抗戊型肝炎病毒抗体,抗戊型肝炎病毒抗体
血清胆固醇酯,血清胆固醇酯
亚健康人群体检,亚健康人群体检
胸部平片,胸部平片
抗甲状腺球蛋白抗体（ATGA）,抗甲状腺球蛋白抗体（ATGA）
浮髌试验,浮髌试验
视神经检查,视神经检查
肺显像,肺显像
抗血小板抗体,抗血小板抗体
人体内的微量元素检测,人体内的微量元素检测
半蹲试验,半蹲试验
粪便钾（Potassium.K）,粪便钾（Potassium.K）
尿卟啉,尿卟啉
血浆游离血红蛋白,血浆游离血红蛋白
血清总铁结合力,血清总铁结合力
粪钾,粪钾
抗硬皮病-70抗体,抗硬皮病-70抗体
沙门氏菌的鉴定,沙门氏菌的鉴定
脑脊液细胞计数,脑脊液细胞计数
支气管肺泡灌洗术（BAL）,支气管肺泡灌洗术（BAL）
迷走神经检查,迷走神经检查
囊虫病补体结合试验,囊虫病补体结合试验
脊柱运动试验,脊柱运动试验
肺和胸膜触诊,肺和胸膜触诊
闭孔内肌试验,闭孔内肌试验
钩蚴培养法,钩蚴培养法
尿浓缩试验,尿浓缩试验
乙型脑炎病毒抗体,乙型脑炎病毒抗体
氨基酸的检查,氨基酸的检查
脑脊液蛋白定性,脑脊液蛋白定性
粪便酵母菌,粪便酵母菌
脊柱MRI检查,脊柱MRI检查
血吸虫环卵沉淀试验,血吸虫环卵沉淀试验
苯丙酮尿症(PKU）筛查,苯丙酮尿症(PKU）筛查
利多卡因代谢试验,利多卡因代谢试验
流行性出血热病毒抗体,流行性出血热病毒抗体
足－嘴试验,足－嘴试验
抗链球菌型M蛋白抗体,抗链球菌型M蛋白抗体
视野检查,视野检查
尿TH蛋白,尿TH蛋白
游离三碘甲状腺原氨酸,游离三碘甲状腺原氨酸
前列腺特异性抗原,前列腺特异性抗原
引流管,引流管
放射免疫显象,放射免疫显象
颌面部检查,颌面部检查
血红蛋白F包涵体生成试验,血红蛋白F包涵体生成试验
氧分压,氧分压
抗流行性乙型脑炎病毒IgM抗体,抗流行性乙型脑炎病毒IgM抗体
直接检眼镜检查法,直接检眼镜检查法
二硝基氯苯（DNCB）,二硝基氯苯（DNCB）
尿钾,尿钾
睾丸检查,睾丸检查
睾丸自我检查,睾丸自我检查
抗乙酸胆碱受体抗体（anti-AchR）,抗乙酸胆碱受体抗体（anti-AchR）
残气量／肺总量比值（RV/TLC）,残气量／肺总量比值（RV/TLC）
足轴线偏移,足轴线偏移
位听神经检查,位听神经检查
血浆抗利尿激素（ADH）,血浆抗利尿激素（ADH）
毛细血管脆性试验,毛细血管脆性试验
子宫颈锥形切除术,子宫颈锥形切除术
脑脊液脑膜炎球菌抗原,脑脊液脑膜炎球菌抗原
雌激素撤血试验,雌激素撤血试验
弹跳征,弹跳征
"肺内分流量（Qsp,Qs/Qt）","肺内分流量（Qsp,Qs/Qt）"
抗磷脂抗体,抗磷脂抗体
硝基四唑氮蓝试验,硝基四唑氮蓝试验
束臂试验,束臂试验
胸腔积液检查,胸腔积液检查
不孕的生殖系统检查,不孕的生殖系统检查
血清补体C6含量,血清补体C6含量
糖尿病类尿常规,糖尿病类尿常规
甲状腺131碘吸收率,甲状腺131碘吸收率
铜蓝蛋白,铜蓝蛋白
检影镜,检影镜
CT造影扫描,CT造影扫描
屈氏试验,屈氏试验
虫卵计数法,虫卵计数法
"维生素B2（VitB2,VB2）","维生素B2（VitB2,VB2）"
β-促黑素细胞激素,β-促黑素细胞激素
脑脊液强啡肽,脑脊液强啡肽
胸腔积液显微镜检查,胸腔积液显微镜检查
血清溶菌酶（LYSO）,血清溶菌酶（LYSO）
汉坦病毒抗体（VH-Ab）,汉坦病毒抗体（VH-Ab）
螺旋CT检查,螺旋CT检查
鼻前庭,鼻前庭
玻片压诊法,玻片压诊法
尿铁（Fe）,尿铁（Fe）
催产素激惹试验,催产素激惹试验
单核细胞比例(MONO%),单核细胞比例(MONO%)
周围血管征,周围血管征
视野计检查,视野计检查
潮气容量,潮气容量
全身骨骼疾病排查,全身骨骼疾病排查
粪结核杆菌检查,粪结核杆菌检查
尿中寄生虫检查,尿中寄生虫检查
抗庚型肝炎病毒E2抗体,抗庚型肝炎病毒E2抗体
尿肌酐,尿肌酐
脑脊液胆固醇酯,脑脊液胆固醇酯
蝰蛇毒复钙时间,蝰蛇毒复钙时间
血液半乳糖,血液半乳糖
尿孕酮,尿孕酮
皮肤点刺试验,皮肤点刺试验
指脉氧,指脉氧
CT平扫,CT平扫
副神经检查,副神经检查
低钠试验,低钠试验
解脲脲原体,解脲脲原体
椎间孔挤压试验,椎间孔挤压试验
椎板间隙显微内窥镜,椎板间隙显微内窥镜
系统胎儿超声检查,系统胎儿超声检查
十二指肠引流一般性状检查,十二指肠引流一般性状检查
并指(趾)畸形检查,并指(趾)畸形检查
血红蛋白A2,血红蛋白A2
99Tmc-MIBI甲状腺显像,99Tmc-MIBI甲状腺显像
头盆不称的估计法,头盆不称的估计法
骶髂关节检查法,骶髂关节检查法
胃总酸度测定,胃总酸度测定
凯洛格-斯皮德试验,凯洛格-斯皮德试验
血清脯氨酸羟化酶,血清脯氨酸羟化酶
尿铜（Cu）,尿铜（Cu）
寄生虫血液检查,寄生虫血液检查
醋酸白试验,醋酸白试验
多染性红细胞,多染性红细胞
尿胱氨酸,尿胱氨酸
餐后血清锌浓度反应试验(PICR),餐后血清锌浓度反应试验(PICR)
纯音听力计检查法,纯音听力计检查法
脱氧核糖核酸染色,脱氧核糖核酸染色
粪便红细胞,粪便红细胞
肾脏超声检查,肾脏超声检查
红细胞机械性脆性试验,红细胞机械性脆性试验
血清游离脂肪酸,血清游离脂肪酸
精氨酸兴奋GH试验,精氨酸兴奋GH试验
肾小球滤过率（GFR）,肾小球滤过率（GFR）
血清淀粉酶（AMS）,血清淀粉酶（AMS）
抱膝试验,抱膝试验
麦卡兹尼试验,麦卡兹尼试验
凝血酶时间,凝血酶时间
支气管镜检查,支气管镜检查
狼疮带试验,狼疮带试验
脑脊液肌酸激酶,脑脊液肌酸激酶
花托试验,花托试验
总三碘甲状腺原氨酸,总三碘甲状腺原氨酸
全身状态检查,全身状态检查
细菌的鉴定,细菌的鉴定
脂蛋白X（LP-X）,脂蛋白X（LP-X）
血清铯,血清铯
载脂蛋白E基因分型,载脂蛋白E基因分型
中性分叶核粒细胞,中性分叶核粒细胞
静脉尿路造影,静脉尿路造影
胰高血糖素负荷试验,胰高血糖素负荷试验
锡克试验,锡克试验
导管吹张法,导管吹张法
钼靶照相,钼靶照相
可乐定试验,可乐定试验
膀胱颈抬高试验,膀胱颈抬高试验
64排螺旋CT检查,64排螺旋CT检查
床旁透视与术中透视,床旁透视与术中透视
抗碱血红蛋白,抗碱血红蛋白
直腿抬高试验,直腿抬高试验
内听道片,内听道片
肝显像,肝显像
胰岛素,胰岛素
"血清铜（Cu2+,Cu)","血清铜（Cu2+,Cu)"
中年男性体检,中年男性体检
组织多肽抗原（TPA）,组织多肽抗原（TPA）
脉搏波速度,脉搏波速度
脑脊液钙,脑脊液钙
红细胞5＇-嘧啶核苷酸酶,红细胞5＇-嘧啶核苷酸酶
胆固醇酯与总胆固醇比值,胆固醇酯与总胆固醇比值
多普勒小儿血压检测,多普勒小儿血压检测
滑膜液常规检查,滑膜液常规检查
趾长伸肌肌力试验,趾长伸肌肌力试验
胫化酶谷氨酸,胫化酶谷氨酸
碳13尿素呼气试验,碳13尿素呼气试验
肾上腺CT检查,肾上腺CT检查
血清铁（Fe）,血清铁（Fe）
"白蛋白(A,Alb)","白蛋白(A,Alb)"
胸腹水检查,胸腹水检查
前房的一般检查,前房的一般检查
红细胞烯醇化酶,红细胞烯醇化酶
挺胸试验,挺胸试验
丁型肝炎病毒(HDV),丁型肝炎病毒(HDV)
尿黑酸定性试验,尿黑酸定性试验
粪瘘检测,粪瘘检测
木糖测定,木糖测定
葡萄糖耐量试验,葡萄糖耐量试验
抗核抗体(ANA)或抗核因子(ANF),抗核抗体(ANA)或抗核因子(ANF)
棒状小体,棒状小体
角质蛋白19片段(CYFRA21-1),角质蛋白19片段(CYFRA21-1)
腰腿痛的感觉检查,腰腿痛的感觉检查
瞳孔反射,瞳孔反射
角膜地形图检查,角膜地形图检查
血清酪氨酸,血清酪氨酸
李文生试验,李文生试验
血清甘-鹅去氧胆酸,血清甘-鹅去氧胆酸
经胸壁针刺肺活检,经胸壁针刺肺活检
血小板计数（PLT）,血小板计数（PLT）
脑脊液神经降压肽,脑脊液神经降压肽
侧方应力试验,侧方应力试验
淀粉水解试验,淀粉水解试验
口腔内窥镜,口腔内窥镜
寄生虫感染免疫检测,寄生虫感染免疫检测
50克葡萄糖耐量检查,50克葡萄糖耐量检查
碱剩余,碱剩余
载脂蛋白B（ApoB）,载脂蛋白B（ApoB）
脑脊液猪囊虫抗体,脑脊液猪囊虫抗体
膀胱输尿管返流显象,膀胱输尿管返流显象
尿卜琳及其前体,尿卜琳及其前体
金伯克现象,金伯克现象
β-N-乙酰氨基葡萄糖苷酶,β-N-乙酰氨基葡萄糖苷酶
胎心监护,胎心监护
阴道真菌检验,阴道真菌检验
淋巴细胞脉络丛脑膜炎补体结合试验,淋巴细胞脉络丛脑膜炎补体结合试验
脑脊液钙调素,脑脊液钙调素
脑脊液钾,脑脊液钾
嗜碱性粒细胞计数（B）,嗜碱性粒细胞计数（B）
纤维蛋白肽A,纤维蛋白肽A
抗球蛋白试验（Coombs试验）,抗球蛋白试验（Coombs试验）
胃运动功能测定,胃运动功能测定
人白细胞抗原B27（HLA―B27）,人白细胞抗原B27（HLA―B27）
血清纤维结合蛋白,血清纤维结合蛋白
痰液中晶体,痰液中晶体
血清脂蛋X,血清脂蛋X
粒细胞与红细胞比值,粒细胞与红细胞比值
抗卵子透明带抗体（AZP）,抗卵子透明带抗体（AZP）
氯丙嗪试验,氯丙嗪试验
下颌反射检查,下颌反射检查
动态心电图（Holter监测）,动态心电图（Holter监测）
精浆α-葡萄糖苷酶,精浆α-葡萄糖苷酶
血液碳氧血红蛋白,血液碳氧血红蛋白
尿素清除率(UCL),尿素清除率(UCL)
羊水钠,羊水钠
胰腺肿瘤标记（CA 19-9）,胰腺肿瘤标记（CA 19-9）
直接胆红素/间接胆红素比值,直接胆红素/间接胆红素比值
术后经T形管胆道造影,术后经T形管胆道造影
甲状腺激素抑制显像,甲状腺激素抑制显像
轮状病毒抗原的检测,轮状病毒抗原的检测
睾酮（T）,睾酮（T）
Nagel色觉镜检查法,Nagel色觉镜检查法
气管吸引术,气管吸引术
人工周期试验,人工周期试验
角膜检查,角膜检查
泪液分泌型免疫球蛋白A,泪液分泌型免疫球蛋白A
钙激发试验,钙激发试验
精子形态,精子形态
遗传筛查,遗传筛查
带绦虫孕节检查法,带绦虫孕节检查法
前列腺检查,前列腺检查
胃超声检查,胃超声检查
脑诱发电位,脑诱发电位
雅加森试验,雅加森试验
棘形红细胞,棘形红细胞
乳腺超声检查,乳腺超声检查
血卟啉雾化吸入试验,血卟啉雾化吸入试验
胃电图,胃电图
肾脏CT检查,肾脏CT检查
伸腕试验,伸腕试验
脑脊液游离型髓鞘碱性蛋白,脑脊液游离型髓鞘碱性蛋白
粪便脓液,粪便脓液
唾液氯化物,唾液氯化物
计算机三维重建技术,计算机三维重建技术
脊髓灰质炎病毒抗体（Polio―Ab）,脊髓灰质炎病毒抗体（Polio―Ab）
血清铝,血清铝
库姆斯氏试验,库姆斯氏试验
蔗糖溶血试验,蔗糖溶血试验
身高测试,身高测试
红细胞变形性,红细胞变形性
血管视诊,血管视诊
血浆蝰蛇毒磷脂时间测定,血浆蝰蛇毒磷脂时间测定
胸膝卧位检查,胸膝卧位检查
抗RNP抗体,抗RNP抗体
phi(φ)小体染色,phi(φ)小体染色
载脂蛋白A1\载脂蛋白B比值,载脂蛋白A1\载脂蛋白B比值
羊水量,羊水量
午夜一片法地塞米松抑制试验,午夜一片法地塞米松抑制试验
胃液胃组织癌胚抗原,胃液胃组织癌胚抗原
补体结合试验,补体结合试验
植物血凝素皮内试验,植物血凝素皮内试验
新生儿体格检查,新生儿体格检查
肿瘤筛查,肿瘤筛查
肩胛骨检查,肩胛骨检查
抗线粒体抗体（AMA）,抗线粒体抗体（AMA）
静脉胆囊、胆道造影,静脉胆囊、胆道造影
肺总量（TLC）,肺总量（TLC）
地塞米松抑制试验,地塞米松抑制试验
人体重心平衡仪,人体重心平衡仪
尿促卵泡成熟素,尿促卵泡成熟素
杜加斯征,杜加斯征
红细胞碱粒凝聚试验,红细胞碱粒凝聚试验
胃液乳酸测定,胃液乳酸测定
鼻部检查,鼻部检查
靶形红细胞,靶形红细胞
纤维鼻咽镜,纤维鼻咽镜
肝脏震颤试验,肝脏震颤试验
血清α-L-岩藻糖苷酶,血清α-L-岩藻糖苷酶
白细胞介素2（iL-2）,白细胞介素2（iL-2）
拉斯特征,拉斯特征
断层显像,断层显像
免疫病理检查,免疫病理检查
血浆组织纤溶酶原活化物活性检测,血浆组织纤溶酶原活化物活性检测
双视标检查法,双视标检查法
盐水输注试验,盐水输注试验
骨髓淋巴细胞系统,骨髓淋巴细胞系统
α-D-半乳糖-1-磷酸转尿苷酰酶,α-D-半乳糖-1-磷酸转尿苷酰酶
尿铬,尿铬
尿肌红蛋白（UMb）,尿肌红蛋白（UMb）
前列腺特异性酸性磷酸酶,前列腺特异性酸性磷酸酶
血清尿酸,血清尿酸
脑脊液细菌培养,脑脊液细菌培养
甲状腺血流显像,甲状腺血流显像
色氨酸,色氨酸
麻疹病毒抗体,麻疹病毒抗体
肾血浆流量测定,肾血浆流量测定
压颈试验,压颈试验
血压,血压
角膜荧光素染色,角膜荧光素染色
嗜异性凝集试验,嗜异性凝集试验
特里布累氏试验,特里布累氏试验
D860激发试验,D860激发试验
血红蛋白热不稳定试验,血红蛋白热不稳定试验
乙型肝炎病毒e抗原（HBeAg）,乙型肝炎病毒e抗原（HBeAg）
胎方位,胎方位
尿羟脯氨酸（HYP）,尿羟脯氨酸（HYP）
幽门螺杆菌检测,幽门螺杆菌检测
甲种胎儿球蛋白试验,甲种胎儿球蛋白试验
HLA定型,HLA定型
输卵管镜,输卵管镜
淋巴细胞数,淋巴细胞数
眼外部检查,眼外部检查
"结合胆红素(SDB,DBIL)","结合胆红素(SDB,DBIL)"
智商,智商
精液肉毒碱,精液肉毒碱
肠鸣音,肠鸣音
尿流率测定,尿流率测定
乳腺导管造影,乳腺导管造影
脑脊液生长抑素,脑脊液生长抑素
胆道镜检查,胆道镜检查
血红素结合蛋白,血红素结合蛋白
雌二醇（E2),雌二醇（E2)
宫颈刮片（TCT）,宫颈刮片（TCT）
胃部检查,胃部检查
抗心肌抗体（AMA）,抗心肌抗体（AMA）
脑脊液的化学检查,脑脊液的化学检查
血浆鱼精蛋白副凝试验（3p试验）,血浆鱼精蛋白副凝试验（3p试验）
挤压泪囊试验,挤压泪囊试验
血栓烷B2,血栓烷B2
肺活量体重指数,肺活量体重指数
异丙醇试验,异丙醇试验
二氧化碳总量(TCO2),二氧化碳总量(TCO2)
血清触珠蛋白（Hp）,血清触珠蛋白（Hp）
黄体生成素,黄体生成素
后鼻镜检查,后鼻镜检查
钼,钼
血清酸性磷酸酶同工酶,血清酸性磷酸酶同工酶
血液丙酮酸,血液丙酮酸
现时身高预测法,现时身高预测法
格哈德征,格哈德征
β-血小板球蛋白,β-血小板球蛋白
心血管疾病的超声诊断,心血管疾病的超声诊断
血清免疫球蛋白M（IgM）,血清免疫球蛋白M（IgM）
肝纤四项,肝纤四项
男性生殖器发育自我检测,男性生殖器发育自我检测
乙型肝炎核心抗原,乙型肝炎核心抗原
脾脏叩诊,脾脏叩诊
促肾上腺皮质激素（ACTH）,促肾上腺皮质激素（ACTH）
伸肘试验,伸肘试验
闭目难立征,闭目难立征
β-半乳糖苷酶,β-半乳糖苷酶
足长轴与两踝连线的测量,足长轴与两踝连线的测量
尿β半乳糖苷酶,尿β半乳糖苷酶
抗角蛋白抗体,抗角蛋白抗体
类风湿相关核抗原(RANA)抗体,类风湿相关核抗原(RANA)抗体
疟疾间接免疫荧光试验,疟疾间接免疫荧光试验
抗甲状腺抗体,抗甲状腺抗体
尿妊娠试验（HCG）,尿妊娠试验（HCG）
搔弹音,搔弹音
呼吸肌张力的测定,呼吸肌张力的测定
肌电图,肌电图
红细胞计数(RBC),红细胞计数(RBC)
谷酰氨检测,谷酰氨检测
腹部CT,腹部CT
血涂片,血涂片
全身软组织MRI检查,全身软组织MRI检查
吞咽试验法,吞咽试验法
99Tcm-DTPA肺上皮细胞通透性测定,99Tcm-DTPA肺上皮细胞通透性测定
直接抗人球蛋白试验,直接抗人球蛋白试验
触觉,触觉
粪便人体酿母菌,粪便人体酿母菌
动态显像,动态显像
血清氯化物（Cl）,血清氯化物（Cl）
前庭功能检查,前庭功能检查
呼吸动度,呼吸动度
纤维蛋白原,纤维蛋白原
红细胞滤过指数（IF）,红细胞滤过指数（IF）
麦克马瑞试验,麦克马瑞试验
组氨酸,组氨酸
捏鼻闭口呼气法,捏鼻闭口呼气法
动脉血气分析,动脉血气分析
胸围、吸气胸围,胸围、吸气胸围
深吸气量（IC）,深吸气量（IC）
回归热螺旋体（BR）,回归热螺旋体（BR）
放射性核素脑血管显像,放射性核素脑血管显像
钩端螺旋体病凝集溶解试验,钩端螺旋体病凝集溶解试验
阴茎海绵体造影,阴茎海绵体造影
三角试验,三角试验
维生素E,维生素E
小指对掌肌肌力试验,小指对掌肌肌力试验
血吸虫胶乳凝集试验,血吸虫胶乳凝集试验
阴道分泌物细胞学检查,阴道分泌物细胞学检查
絮状沉淀试验,絮状沉淀试验
血清运铁蛋白,血清运铁蛋白
5＇-核苷酸磷酸二酯酶同工酶,5＇-核苷酸磷酸二酯酶同工酶
阴道肿块,阴道肿块
神经系统检查,神经系统检查
泌乳素（PRL）兴奋试验,泌乳素（PRL）兴奋试验
胎势,胎势
血沉方程K值,血沉方程K值
眼位检查法,眼位检查法
脑脊液葡萄糖(CSF-Glu),脑脊液葡萄糖(CSF-Glu)
阴茎血流指数,阴茎血流指数
肾脏MRI检查,肾脏MRI检查
羊水渗透压,羊水渗透压
尿液细胞学检查,尿液细胞学检查
胃液蛋白酶,胃液蛋白酶
阿米巴原虫抗体,阿米巴原虫抗体
端坐伸膝试验,端坐伸膝试验
颈椎CT检查,颈椎CT检查
脑脊液(Kahn)氏沉淀试验,脑脊液(Kahn)氏沉淀试验
氨基酸清除率测定,氨基酸清除率测定
毛发,毛发
间接抗人球蛋白试验,间接抗人球蛋白试验
颅整体观,颅整体观
淋巴细胞转化率,淋巴细胞转化率
血清阴离子测定,血清阴离子测定
血清苯丙氨酸,血清苯丙氨酸
鼻部放射线检查,鼻部放射线检查
比塞征,比塞征
醋酸AS-D茶酚脂酶染色,醋酸AS-D茶酚脂酶染色
"血肌酐(Cr,Crea)","血肌酐(Cr,Crea)"
血吸虫尾蚴膜反应,血吸虫尾蚴膜反应
酚红排泄试验,酚红排泄试验
133Xe脑血流测定及显像,133Xe脑血流测定及显像
颗粒膜蛋白-140,颗粒膜蛋白-140
血清前白蛋白,血清前白蛋白
脑脊液β2微球蛋白（β2-MG）,脑脊液β2微球蛋白（β2-MG）
脏器断层显像,脏器断层显像
尿co2测定,尿co2测定
蝇蛆检查,蝇蛆检查
尿酮体检查（KET）,尿酮体检查（KET）
PPD试验,PPD试验
球形红细胞,球形红细胞
迟发性皮肤变态反应,迟发性皮肤变态反应
脑脊液单克隆抗体检测癌细胞,脑脊液单克隆抗体检测癌细胞
粪胆原,粪胆原
蛋白S抗原,蛋白S抗原
卵巢肿瘤标记,卵巢肿瘤标记
血清阳离子测定,血清阳离子测定
尿量,尿量
肺和胸膜叩诊,肺和胸膜叩诊
"血清总蛋白（TP,TP0）","血清总蛋白（TP,TP0）"
脱落细胞检查,脱落细胞检查
抗子宫内膜抗体（EMAb）,抗子宫内膜抗体（EMAb）
阴茎动脉血压,阴茎动脉血压
抗风疹病毒抗体(RuV),抗风疹病毒抗体(RuV)
直接涂片检查,直接涂片检查
婴幼儿视力检查,婴幼儿视力检查
粪钙,粪钙
婴儿智力测试,婴儿智力测试
脏器声学造影,脏器声学造影
α-羟丁酸脱氢酶,α-羟丁酸脱氢酶
细胞组织化学染色,细胞组织化学染色
尿比重,尿比重
尿碱性磷酸酶（UALP）,尿碱性磷酸酶（UALP）
中性粒细胞计数（NEUT）,中性粒细胞计数（NEUT）
胃液总量,胃液总量
暗适应曲线,暗适应曲线
胎儿血红蛋白(HbF)酸洗脱试验,胎儿血红蛋白(HbF)酸洗脱试验
面神经的运动检查,面神经的运动检查
阴道寄生虫检验,阴道寄生虫检验
胎心胎动,胎心胎动
疟原虫抗体和抗原,疟原虫抗体和抗原
引颈试验,引颈试验
男性生殖系X线检查,男性生殖系X线检查
偏振光显微镜检查,偏振光显微镜检查
缓冲液,缓冲液
GC球蛋白,GC球蛋白
毕克征,毕克征
血清钠,血清钠
痰液免疫学检查,痰液免疫学检查
骨髓其他细胞,骨髓其他细胞
尿道功能检查,尿道功能检查
肾脏超音波,肾脏超音波
宫腔细菌培养,宫腔细菌培养
脏器触诊,脏器触诊
血清氯化物,血清氯化物
脊髓灰质炎病毒抗体,脊髓灰质炎病毒抗体
心电图,心电图
粪便粘液,粪便粘液
上消化道摄影检查,上消化道摄影检查
颈部MRI检查,颈部MRI检查
脑脊液神经肽,脑脊液神经肽
血氧含量,血氧含量
异位胃粘膜显像,异位胃粘膜显像
鞠躬试验,鞠躬试验
血清甲状腺素结合前白蛋白,血清甲状腺素结合前白蛋白
反映肝脏贮备功能的试验,反映肝脏贮备功能的试验
血清磷脂酶A2,血清磷脂酶A2
尿β-羟丁酸,尿β-羟丁酸
碎裂红细胞,碎裂红细胞
尿纤维蛋白降解产物,尿纤维蛋白降解产物
真菌组织病理学,真菌组织病理学
父母身高预测法,父母身高预测法
烟碱型乙酰胆碱受体抗体,烟碱型乙酰胆碱受体抗体
精液乳酸脱氢酶-X,精液乳酸脱氢酶-X
脑蛋白质代谢显像,脑蛋白质代谢显像
肱三头肌反射,肱三头肌反射
宫腔镜,宫腔镜
LHRH试验,LHRH试验
自身免疫抗体检测,自身免疫抗体检测
尿无机磷（Pi）,尿无机磷（Pi）
骨髓巨核细胞数和分类,骨髓巨核细胞数和分类
盆腔窃血试验,盆腔窃血试验
缩宫素激惹试验,缩宫素激惹试验
尿酸碱度（pH）,尿酸碱度（pH）
生育镜,生育镜
血清锰（Mn）,血清锰（Mn）
水溶性维生素,水溶性维生素
血清碱性磷酸酶同工酶测定（iso-ALP）,血清碱性磷酸酶同工酶测定（iso-ALP）
膝侧向运动试验,膝侧向运动试验
乳腺远红外检查,乳腺远红外检查
骨髓显像,骨髓显像
血清免疫球蛋白E（IgE）,血清免疫球蛋白E（IgE）
血清骨钙素（BGP）,血清骨钙素（BGP）
中性杆状核粒细胞,中性杆状核粒细胞
ABO血型鉴定,ABO血型鉴定
抗人球蛋白试验,抗人球蛋白试验
交叉配血试验,交叉配血试验
血浆组织纤溶酶原活化物抑制物抗原检测,血浆组织纤溶酶原活化物抑制物抗原检测
电子胃镜,电子胃镜
旋转试验,旋转试验
近视力检查法,近视力检查法
血清Ⅳ型胶原蛋白,血清Ⅳ型胶原蛋白
疲劳试验,疲劳试验
提腿试验,提腿试验
试管凝集试验,试管凝集试验
陆温试验,陆温试验
寄生虫检查的浓聚法,寄生虫检查的浓聚法
维生素B12,维生素B12
乙型肝炎病毒表面抗原（HBsAg）,乙型肝炎病毒表面抗原（HBsAg）
血清谷胱甘肽过氧化物酶,血清谷胱甘肽过氧化物酶
静脉注射肾盂摄影检查,静脉注射肾盂摄影检查
巩膜透照,巩膜透照
镫骨活动试验,镫骨活动试验
变性球蛋白(Heinz)小体染色试验,变性球蛋白(Heinz)小体染色试验
性传播疾病免疫检测,性传播疾病免疫检测
性激素结合蛋白,性激素结合蛋白
单克隆丙种球蛋白（MMG）,单克隆丙种球蛋白（MMG）
谷氨酰胺,谷氨酰胺
输精管造影,输精管造影
尿硒,尿硒
腕三角软骨挤压试验,腕三角软骨挤压试验
弥散容量测定,弥散容量测定
肾血流图,肾血流图
遮盖法,遮盖法
粪中细胞,粪中细胞
输卵管亚甲蓝通畅试验,输卵管亚甲蓝通畅试验
抗SS-A和SS-B抗体,抗SS-A和SS-B抗体
华氏反应,华氏反应
姐妹染色单体互换,姐妹染色单体互换
嗜酸性粒细胞数,嗜酸性粒细胞数
红斑量测定,红斑量测定
粪便氯化物,粪便氯化物
尿苯丙酮酸（PA）,尿苯丙酮酸（PA）
沙眼衣原体抗原,沙眼衣原体抗原
前足挤压试验,前足挤压试验
深反射检查,深反射检查
唾液分泌型免疫球蛋白,唾液分泌型免疫球蛋白
小肠充盈及排空功能检查,小肠充盈及排空功能检查
沉淀反应,沉淀反应
凝集实验,凝集实验
盆底肌电图,盆底肌电图
可提取核抗原（ENA）自身抗体谱带分析,可提取核抗原（ENA）自身抗体谱带分析
红细胞乙酰胆碱脂酶,红细胞乙酰胆碱脂酶
脑脊液结核性脑膜炎抗体,脑脊液结核性脑膜炎抗体
羊水胆红素,羊水胆红素
尿羟脯氨酸,尿羟脯氨酸
唾液白蛋白,唾液白蛋白
鼻甲和鼻道,鼻甲和鼻道
弓形虫点免疫金渗滤法,弓形虫点免疫金渗滤法
脐血流检查,脐血流检查
纤维蛋白肽Bβ15～42,纤维蛋白肽Bβ15～42
荧光密螺旋体抗体,荧光密螺旋体抗体
儿童体检,儿童体检
尿人绒毛膜促性腺激素（HCG）,尿人绒毛膜促性腺激素（HCG）
人类免疫缺陷病毒抗体,人类免疫缺陷病毒抗体
肌张力检查,肌张力检查
卡托普利试验,卡托普利试验
血清载脂蛋白a测定,血清载脂蛋白a测定
肝质地,肝质地
脑脊液结合型髓鞘碱性蛋白抗体,脑脊液结合型髓鞘碱性蛋白抗体
5-羟色胺,5-羟色胺
汗液电解质检查,汗液电解质检查
儿童五官科检查,儿童五官科检查
介入性宫内取材检查,介入性宫内取材检查
EB病毒抗体（EBV－Ab）,EB病毒抗体（EBV－Ab）
眼压指测法,眼压指测法
放射免疫分析,放射免疫分析
血浆蛋白C活性测定,血浆蛋白C活性测定
冠状动脉造影,冠状动脉造影
循环红细胞量,循环红细胞量
气道阻力(R),气道阻力(R)
脑脊液β-内啡肽,脑脊液β-内啡肽
血清补体溶解免疫复合物活性,血清补体溶解免疫复合物活性
尿肌酐（Ucr）,尿肌酐（Ucr）
肾盂镜,肾盂镜
丙型肝炎病毒抗体免疫球蛋白G,丙型肝炎病毒抗体免疫球蛋白G
新生儿甲状腺功能检查,新生儿甲状腺功能检查
灭活血清反应素试验,灭活血清反应素试验
补呼气量,补呼气量
荧光法密螺旋体抗体吸附试验,荧光法密螺旋体抗体吸附试验
动脉血酮体比测定,动脉血酮体比测定
唾液皮质醇,唾液皮质醇
催产素,催产素
乳头溢液检查,乳头溢液检查
嗅神经检查,嗅神经检查
聚合酶链式反应,聚合酶链式反应
抗甲状腺过氧化物酶抗体,抗甲状腺过氧化物酶抗体
梅毒USR试验,梅毒USR试验
血清Ⅲ型胶原蛋白,血清Ⅲ型胶原蛋白
肛门拭子检查法,肛门拭子检查法
EB病毒壳抗原IgA抗体,EB病毒壳抗原IgA抗体
肺容积,肺容积
单胺氧化酶,单胺氧化酶
血清5'-核苷酸酶（5'-NT）,血清5'-核苷酸酶（5'-NT）
尺压试验,尺压试验
小气脑CT扫描,小气脑CT扫描
抗丁型肝炎病毒IgM抗体,抗丁型肝炎病毒IgM抗体
吞咽试验,吞咽试验
脂肪吸收试验,脂肪吸收试验
循环免疫复合物,循环免疫复合物
两下肢长度,两下肢长度
促甲状腺激素受体抗体,促甲状腺激素受体抗体
尿γ-谷氨酰转移酶,尿γ-谷氨酰转移酶
痰液细菌培养,痰液细菌培养
全身体检,全身体检
白细胞计数（WBC）,白细胞计数（WBC）
腹膜后充气造影,腹膜后充气造影
实际碳酸氢盐（AB）,实际碳酸氢盐（AB）
裂隙灯,裂隙灯
颈动脉搏动检查,颈动脉搏动检查
握拳尺偏试验,握拳尺偏试验
血清磷脂,血清磷脂
尿维生素B1,尿维生素B1
唾液富酪蛋白,唾液富酪蛋白
粪便脂肪定量,粪便脂肪定量
过氯酸钾释放试验,过氯酸钾释放试验
甲苯胺蓝纠正试验,甲苯胺蓝纠正试验
腹腔镜,腹腔镜
细菌的CAMP试验,细菌的CAMP试验
红细胞渗透脆性试验,红细胞渗透脆性试验
维生素D,维生素D
发育与体型,发育与体型
肝素-抗凝血酶Ⅳ复合物,肝素-抗凝血酶Ⅳ复合物
精子数,精子数
功能残气量（FRC）,功能残气量（FRC）
痰液性状,痰液性状
阿米巴原虫抗原,阿米巴原虫抗原
T3T4抗体,T3T4抗体
Trousseau征,Trousseau征
尿液肉眼检查,尿液肉眼检查
尿本周蛋白（BJP）,尿本周蛋白（BJP）
阿米巴原虫抗原和抗体,阿米巴原虫抗原和抗体
肿瘤放射免疫显像（RII）,肿瘤放射免疫显像（RII）
气道过敏试验,气道过敏试验
血清冷纤维蛋白原,血清冷纤维蛋白原
中性炎症细胞吞噬试验,中性炎症细胞吞噬试验
总胆汁酸,总胆汁酸
胸腹部垫枕试验,胸腹部垫枕试验
抗血小板膜糖蛋白自身抗体,抗血小板膜糖蛋白自身抗体
颞动脉活检,颞动脉活检
图形觉,图形觉
输尿管超声检查,输尿管超声检查
上肢动脉功能试验,上肢动脉功能试验
阴道清洁度检查,阴道清洁度检查
血清比黏度,血清比黏度
前列腺液细胞,前列腺液细胞
虎红平板凝集试验,虎红平板凝集试验
肝腹水的检查,肝腹水的检查
尿谷氨酰胺,尿谷氨酰胺
阴道病原体检查,阴道病原体检查
血红蛋白溶解度,血红蛋白溶解度
拇短伸肌肌力试验,拇短伸肌肌力试验
蹲下试验,蹲下试验
卵泡检测,卵泡检测
血液电解质检查,血液电解质检查
氨基酸测定,氨基酸测定
糖脂类肿瘤标志物检测,糖脂类肿瘤标志物检测
脑脊液细胞学检查,脑脊液细胞学检查
免疫球蛋白轻链,免疫球蛋白轻链
运动功能检查,运动功能检查
七叶苷水解试验,七叶苷水解试验
普鲁卡因过敏试验,普鲁卡因过敏试验
枸橼酸盐利用试验,枸橼酸盐利用试验
血清总脂,血清总脂
跖反射,跖反射
分侧肾静脉肾素活性测定,分侧肾静脉肾素活性测定
静态骨显像,静态骨显像
血红蛋白,血红蛋白
黄疸检查,黄疸检查
胃肠型和蠕动波,胃肠型和蠕动波
嗜酸性粒细胞计数（E）,嗜酸性粒细胞计数（E）
听力测试法,听力测试法
免疫印迹技术,免疫印迹技术
抗血小板抗体（APA）,抗血小板抗体（APA）
脑血管造影,脑血管造影
单相琼脂扩散试验,单相琼脂扩散试验
曲面体层摄影,曲面体层摄影
长碳链脂肪酸,长碳链脂肪酸
红细胞大小异常,红细胞大小异常
组胺试验,组胺试验
腰臀围比例,腰臀围比例
谷氨酸脱羧酶抗体（GADA）,谷氨酸脱羧酶抗体（GADA）
脑脊液胶体金试验,脑脊液胶体金试验
咽鼓管荧光素试验,咽鼓管荧光素试验
肌钙蛋白,肌钙蛋白
血清钙,血清钙
眼压描记检查法,眼压描记检查法
血清免疫球蛋白G（IgG）,血清免疫球蛋白G（IgG）
胃泌素,胃泌素
脑干反射检查,脑干反射检查
狼疮细胞,狼疮细胞
卵巢功能检查,卵巢功能检查
快速血浆反应素环状卡片试验,快速血浆反应素环状卡片试验
肝脏超声检查,肝脏超声检查
血清铁饱和度,血清铁饱和度
间接胆红素,间接胆红素
红细胞电泳时间,红细胞电泳时间
血浆18-羟-脱氧皮质酮,血浆18-羟-脱氧皮质酮
骨与关节MRI检查,骨与关节MRI检查
血清粘蛋白（SM）,血清粘蛋白（SM）
脑脊液非蛋白氮,脑脊液非蛋白氮
胰腺的CT检查,胰腺的CT检查
反映肝脏排泄功能的试验,反映肝脏排泄功能的试验
胃液IgG IgA,胃液IgG IgA
食管24hpH监测,食管24hpH监测
血清免疫球蛋白D（IgD）,血清免疫球蛋白D（IgD）
前列腺指检,前列腺指检
中间细胞(MID),中间细胞(MID)
"维生素C（VitC,Vc）","维生素C（VitC,Vc）"
洛日埃征,洛日埃征
肿瘤相关抗原,肿瘤相关抗原
血清淀粉酶同工酶（AMY-I）,血清淀粉酶同工酶（AMY-I）
芬斯特弗征,芬斯特弗征
胎儿体重预测,胎儿体重预测
脑脊液溶菌酶,脑脊液溶菌酶
克托莱指数,克托莱指数
脑脊液β2-微球蛋白,脑脊液β2-微球蛋白
胸水检查,胸水检查
糖化血清蛋白,糖化血清蛋白
胰高血糖素,胰高血糖素
尿液镜检法,尿液镜检法
肝、胆、胰、脾的MRI检查,肝、胆、胰、脾的MRI检查
肝、胆、脾CT检查,肝、胆、脾CT检查
拇收肌肌力试验,拇收肌肌力试验
血清精氨酸酶,血清精氨酸酶
冷热溶血试验,冷热溶血试验
韦伯试验,韦伯试验
脑脊液丙二醛,脑脊液丙二醛
前列腺B超检查,前列腺B超检查
腹颈静脉回流试验,腹颈静脉回流试验
胶囊内视镜,胶囊内视镜
动物实验,动物实验
肺阻抗血流图,肺阻抗血流图
半饱和氧分压（P50）,半饱和氧分压（P50）
新生儿疾病筛查,新生儿疾病筛查
青光眼激发试验,青光眼激发试验
尿免疫球蛋白（Ig）,尿免疫球蛋白（Ig）
肺容量测定,肺容量测定
残气量（RV）,残气量（RV）
听力图,听力图
心钠素,心钠素
异型中性粒细胞,异型中性粒细胞
睫状血管检查法,睫状血管检查法
脑脊液环磷腺苷,脑脊液环磷腺苷
抗幽门杆菌IgG抗体,抗幽门杆菌IgG抗体
Optochin敏感试验,Optochin敏感试验
促甲状腺受体抗体,促甲状腺受体抗体
血清肌酐,血清肌酐
节育器的X线检查,节育器的X线检查
抗Sm抗体,抗Sm抗体
性病研究实验室试验,性病研究实验室试验
肝脏及胆囊叩诊,肝脏及胆囊叩诊
普通透视检查(透视),普通透视检查(透视)
脑脊液天门冬氨酸氨基转移酶,脑脊液天门冬氨酸氨基转移酶
肝功能检查,肝功能检查
脑脊液生长素,脑脊液生长素
上消化道X线钡餐,上消化道X线钡餐
嗜异性凝集吸收试验,嗜异性凝集吸收试验
自然杀伤细胞活性,自然杀伤细胞活性
尿苦杏仁酸,尿苦杏仁酸
细胞角蛋白19片段抗原（CYFRA21-1）,细胞角蛋白19片段抗原（CYFRA21-1）
粘稠度,粘稠度
粪便脂肪,粪便脂肪
囊虫胶乳凝集试验,囊虫胶乳凝集试验
乙醇凝胶试验,乙醇凝胶试验
血小板凝集功能试验,血小板凝集功能试验
腰椎穿刺,腰椎穿刺
尿酮体（KET）,尿酮体（KET）
肩关节脱位的恐惧试验,肩关节脱位的恐惧试验
积液癌胚抗原,积液癌胚抗原
脑垂体CT检查,脑垂体CT检查
前臂伸肌紧张试验,前臂伸肌紧张试验
肺炎支原体寒冷凝集试验,肺炎支原体寒冷凝集试验
精液细菌,精液细菌
复方碘试验,复方碘试验
耳鼻咽喉CT检查,耳鼻咽喉CT检查
唾液睾酮,唾液睾酮
复合感觉检查,复合感觉检查
羊水尿酸,羊水尿酸
艾利斯征,艾利斯征
癌抗原15-3（CA15-3）,癌抗原15-3（CA15-3）
双向琼脂扩散试验,双向琼脂扩散试验
脊柱压痛与叩击痛,脊柱压痛与叩击痛
胃泡鼓音区,胃泡鼓音区
二硝基氯苯斑贴试验,二硝基氯苯斑贴试验
脑脊液尿酸,脑脊液尿酸
抗浸出性核抗原(ENA)抗体,抗浸出性核抗原(ENA)抗体
肺灌注显像,肺灌注显像
后仰位椎间孔挤压试验,后仰位椎间孔挤压试验
血清锂,血清锂
尿三氯化铁试验,尿三氯化铁试验
毒素皮肤试验,毒素皮肤试验
弗里德瑞希征,弗里德瑞希征
结膜的检查,结膜的检查
血红蛋白浓度（HGB）,血红蛋白浓度（HGB）
膀胱注水试验,膀胱注水试验
副流感病毒抗体,副流感病毒抗体
盆腔MRI检查,盆腔MRI检查
阴道触诊,阴道触诊
D-二聚体,D-二聚体
腹部搏动检查,腹部搏动检查
乳腺肿瘤标记（CA 15-3）,乳腺肿瘤标记（CA 15-3）
血清铜,血清铜
精液量,精液量
血清补体旁路途径活性,血清补体旁路途径活性
羟脯氨酸,羟脯氨酸
无效腔气量／潮气量比值,无效腔气量／潮气量比值
血栓调节蛋白抗原,血栓调节蛋白抗原
眼球及眼眶检查法,眼球及眼眶检查法
游离三碘甲状腺原氨酸指数,游离三碘甲状腺原氨酸指数
精氨酸,精氨酸
血浆皮质醇,血浆皮质醇
尿白蛋白清除率,尿白蛋白清除率
立克次体补体结合试验,立克次体补体结合试验
血小板黏附功能试验,血小板黏附功能试验
尿常规,尿常规
角膜显微镜,角膜显微镜
对比敏感度(CSF)检查,对比敏感度(CSF)检查
内镜下胰胆造影术（ERCP）,内镜下胰胆造影术（ERCP）
β-胡萝卜素（β-Car）,β-胡萝卜素（β-Car）
骨盆倾斜试验,骨盆倾斜试验
拾物试验,拾物试验
尿液细菌学检查,尿液细菌学检查
E-玫瑰花环形成试验,E-玫瑰花环形成试验
抗链球菌壁多糖抗体,抗链球菌壁多糖抗体
脑脊液蛋白定量,脑脊液蛋白定量
泪液电解质,泪液电解质
抗红细胞抗体,抗红细胞抗体
过氯酸盐释放试验,过氯酸盐释放试验
血管造影,血管造影
p16基因检测（MTS）,p16基因检测（MTS）
钼靶摄影检查,钼靶摄影检查
无管胃酸分析,无管胃酸分析
动脉听诊,动脉听诊
外耳检查,外耳检查
DNA多聚酶,DNA多聚酶
磷酸肌酸激酶,磷酸肌酸激酶
波顿格征,波顿格征
C-肽,C-肽
耳蜗电图,耳蜗电图
NST试验,NST试验
尿沉渣细胞学,尿沉渣细胞学
膀胱触诊,膀胱触诊
心排血量(CO),心排血量(CO)
神经系统核医学检查,神经系统核医学检查
尿隐血（BLD）,尿隐血（BLD）
平均红细胞血红蛋白浓度(MCHC),平均红细胞血红蛋白浓度(MCHC)
颈项强直,颈项强直
血清乳酸脱氢酶同工酶（LDHI）,血清乳酸脱氢酶同工酶（LDHI）
疲劳自测测试,疲劳自测测试
"皮质醇结合球蛋白(CBC,CBG)","皮质醇结合球蛋白(CBC,CBG)"
粪寄生虫卵,粪寄生虫卵
前S抗体,前S抗体
肿瘤神经多肽受体显像,肿瘤神经多肽受体显像
最大呼气流量-容积曲线（MEFV）,最大呼气流量-容积曲线（MEFV）
泌尿系统CT检查,泌尿系统CT检查
昂德腊耳征,昂德腊耳征
鼻窦检查,鼻窦检查
腹部皮肤检查,腹部皮肤检查
"胆固醇酯(chE,CE)","胆固醇酯(chE,CE)"
三面镜,三面镜
降钙素,降钙素
趾长屈肌肌力试验,趾长屈肌肌力试验
痰液细菌涂片检查,痰液细菌涂片检查
抗肝细胞膜特异性脂蛋白抗体（ALSP）,抗肝细胞膜特异性脂蛋白抗体（ALSP）
尿沉渣红细胞,尿沉渣红细胞
透明质酸,透明质酸
粪便吞噬细胞,粪便吞噬细胞
排卵预测试纸,排卵预测试纸
抗原皮内试验,抗原皮内试验
"复钙交叉试验（CRT,PRT）","复钙交叉试验（CRT,PRT）"
查多克征,查多克征
电子阴道镜,电子阴道镜
抗麻疹病毒抗体,抗麻疹病毒抗体
β葡萄糖醛酸苷酶,β葡萄糖醛酸苷酶
鼻泪管内镜,鼻泪管内镜
血清三碘甲状腺原氨酸,血清三碘甲状腺原氨酸
华(Wassermann)氏补体结合试验,华(Wassermann)氏补体结合试验
静息显像,静息显像
尿氟,尿氟
肝脏触诊,肝脏触诊
支气管舒张试验,支气管舒张试验
尿卟啉原试验（UP）,尿卟啉原试验（UP）
妊娠试验,妊娠试验
脑脊液一般性状检查,脑脊液一般性状检查
胫叩打试验,胫叩打试验
妊娠相关血浆蛋白A,妊娠相关血浆蛋白A
单纯疱疹病毒抗体,单纯疱疹病毒抗体
瘘管试验,瘘管试验
无痛胃镜,无痛胃镜
肝大小,肝大小
精子子宫黏液贯通试验,精子子宫黏液贯通试验
内拉通线检查,内拉通线检查
甲胎蛋白变异体（AFPV）,甲胎蛋白变异体（AFPV）
血清铁/铜比值,血清铁/铜比值
耳、鼻、咽拭子细菌培养,耳、鼻、咽拭子细菌培养
腮腺炎病毒抗体,腮腺炎病毒抗体
羊膜镜检查,羊膜镜检查
血清磷（Pi）,血清磷（Pi）
抗庚型肝炎病毒IgG抗体,抗庚型肝炎病毒IgG抗体
蔗糖水溶血试验,蔗糖水溶血试验
β-胡萝卜素,β-胡萝卜素
食管钡餐透视,食管钡餐透视
头皮检查,头皮检查
台阶试验,台阶试验
交锁征,交锁征
唾液pH值,唾液pH值
ECT检查,ECT检查
儿童龋齿预防保健,儿童龋齿预防保健
多导睡眠监测（PSG）,多导睡眠监测（PSG）
脑葡萄糖代谢显像,脑葡萄糖代谢显像
磁共振水成像,磁共振水成像
阴道出血量检查,阴道出血量检查
空腹血葡萄糖,空腹血葡萄糖
C-反应蛋白检验（CRP）,C-反应蛋白检验（CRP）
胸部MRI,胸部MRI
中耳,中耳
挤压小腿三头肌试验,挤压小腿三头肌试验
溶菌酶,溶菌酶
胸腔积液免疫化学检查,胸腔积液免疫化学检查
拇指对掌试验,拇指对掌试验
屈指试验,屈指试验
粪便白细胞,粪便白细胞
胸膜腔内气体成分压力的测定,胸膜腔内气体成分压力的测定
盆腔充气造影,盆腔充气造影
McNealy-McCallister试验,McNealy-McCallister试验
三叉神经的运动功能检查,三叉神经的运动功能检查
眼睑检查,眼睑检查
乳房检查,乳房检查
尿素酶试验,尿素酶试验
前房深度测量,前房深度测量
吲哚试验,吲哚试验
压顶试验,压顶试验
血小板寿命,血小板寿命
女性性发育自我检查,女性性发育自我检查
磁共振平扫,磁共振平扫
微丝蚴（Mf）,微丝蚴（Mf）
血小板体积分布宽度（PDW）,血小板体积分布宽度（PDW）
抗巨细胞病毒抗体（CMV－AB）,抗巨细胞病毒抗体（CMV－AB）
皮肤弹性检查,皮肤弹性检查
子宫疾病自检,子宫疾病自检
前列腺酸性磷酸酶（PAP）,前列腺酸性磷酸酶（PAP）
拇指小指尖相对试验,拇指小指尖相对试验
抗戊型肝炎病毒IgG抗体,抗戊型肝炎病毒IgG抗体
脑脊液髓鞘碱性蛋白,脑脊液髓鞘碱性蛋白
椎管内注射标记物法,椎管内注射标记物法
半胱胺酸试验,半胱胺酸试验
宫缩应激试验,宫缩应激试验
浅反射检查,浅反射检查
红细胞染色质小体,红细胞染色质小体
尿蛋白试验（PRO）,尿蛋白试验（PRO）
脂溶性维生素,脂溶性维生素
尿对羟苯丙酮酸,尿对羟苯丙酮酸
食管拉网检查,食管拉网检查
尿孕酮(P),尿孕酮(P)
红细胞破坏部位测定,红细胞破坏部位测定
IgG抗A-效价测定,IgG抗A-效价测定
动静脉瘘定位试验,动静脉瘘定位试验
尿醛固酮,尿醛固酮
胃肠道显像,胃肠道显像
滑膜液肉眼检查,滑膜液肉眼检查
泌尿感染类尿常规,泌尿感染类尿常规
痰液中分泌型IgE,痰液中分泌型IgE
甲状腺结合球蛋白（TBG）,甲状腺结合球蛋白（TBG）
粪氯,粪氯
子宫颈黏液检查,子宫颈黏液检查
精囊检查,精囊检查
隐球菌病胶乳凝集试验,隐球菌病胶乳凝集试验
抗骨骼肌柠檬酸提取物抗体,抗骨骼肌柠檬酸提取物抗体
TCT检查,TCT检查
凝血因子ⅩⅢ定性测定,凝血因子ⅩⅢ定性测定
5-羟吲哚乙酸,5-羟吲哚乙酸
经皮经肝胆道造影术,经皮经肝胆道造影术
髂胫束紧张试验,髂胫束紧张试验
检眼镜检查法,检眼镜检查法
腹部MRI检查,腹部MRI检查
淋巴细胞比值(LY%),淋巴细胞比值(LY%)
网球肘试验,网球肘试验
组织多肽抗原,组织多肽抗原
近红外线乳腺扫描检查,近红外线乳腺扫描检查
耳廓检查,耳廓检查
肺吸虫皮内试验,肺吸虫皮内试验
棘层细胞松解征检查,棘层细胞松解征检查
十二指肠胃反流测定和显像,十二指肠胃反流测定和显像
3-甲氧基肾上腺素,3-甲氧基肾上腺素
唾液溶菌酶,唾液溶菌酶
骨骼触诊,骨骼触诊
雄烯二酮,雄烯二酮
腾喜龙试验,腾喜龙试验
抗中性粒细胞胞浆,抗中性粒细胞胞浆
带状光检影法,带状光检影法
胃液颜色,胃液颜色
粪隐血试验,粪隐血试验
四肢与关节运动功能,四肢与关节运动功能
脑脊液铜,脑脊液铜
精子运动轨迹分析,精子运动轨迹分析
泪液分泌试验,泪液分泌试验
震动觉,震动觉
等渗盐水低压灌肠试验,等渗盐水低压灌肠试验
尿乳糖,尿乳糖
呼吸肌功能测定,呼吸肌功能测定
尿道冲洗试验,尿道冲洗试验
尿酮体试验,尿酮体试验
抗淋巴细胞抗体（ALA）,抗淋巴细胞抗体（ALA）
肝胆动态显像,肝胆动态显像
动态视野检查,动态视野检查
Rerth试验,Rerth试验
已糖胺全酶,已糖胺全酶
极低密度脂蛋白胆固醇（VLDL-c，VLDL-ch ）,极低密度脂蛋白胆固醇（VLDL-c，VLDL-ch ）
呼气试验,呼气试验
Ⅰ级产前超声检查,Ⅰ级产前超声检查
坐位旋转试验,坐位旋转试验
螯合剂驱铅试验,螯合剂驱铅试验
类风湿因子（RF）,类风湿因子（RF）
血清血管紧张素I转化酶活性,血清血管紧张素I转化酶活性
尿5-羟吲哚乙酸,尿5-羟吲哚乙酸
组胺吸入试验,组胺吸入试验
组织纤维溶酶原激活物(t-PA),组织纤维溶酶原激活物(t-PA)
血栓与止血检测,血栓与止血检测
抗桥粒自身抗体,抗桥粒自身抗体
髋关节超伸试验,髋关节超伸试验
美蓝试验,美蓝试验
腰骶部丛毛征,腰骶部丛毛征
脑池显象,脑池显象
眼球表膜检查,眼球表膜检查
胆道系统特殊检查和护理,胆道系统特殊检查和护理
中性粒细胞趋化试验,中性粒细胞趋化试验
75克葡萄糖耐量检查,75克葡萄糖耐量检查
胰腺疾病超声诊断,胰腺疾病超声诊断
抗着丝粒抗体,抗着丝粒抗体
血型鉴定,血型鉴定
一秒用力呼气量,一秒用力呼气量
X线头影测量,X线头影测量
钩端螺旋体抗体,钩端螺旋体抗体
抗肾小球基底膜抗体,抗肾小球基底膜抗体
葡萄糖氧化酶生化分析仪法,葡萄糖氧化酶生化分析仪法
男科计算器体层扫描 (CT),男科计算器体层扫描 (CT)
葡萄糖6-磷酸脱氢酶荧光斑点试验,葡萄糖6-磷酸脱氢酶荧光斑点试验
戈德伟特试验,戈德伟特试验
液波震颤(fluid thrill),液波震颤(fluid thrill)
眼球和眼眶的超声检查,眼球和眼眶的超声检查
血凝试验,血凝试验
性别观察,性别观察
癌抗原242（CA242）,癌抗原242（CA242）
尿维生素B6,尿维生素B6
蛋白结合碘（PBI）,蛋白结合碘（PBI）
常量元素,常量元素
骨盆分离试验,骨盆分离试验
血清结合球蛋白,血清结合球蛋白
负荷试验脑血流灌注显像,负荷试验脑血流灌注显像
硝酸盐还原试验,硝酸盐还原试验
变性球蛋白(Heinz)小体生成试验,变性球蛋白(Heinz)小体生成试验
麻风病的间接荧光抗体吸收试验（FLA-ABS试验）,麻风病的间接荧光抗体吸收试验（FLA-ABS试验）
胎儿脐动脉收缩压与舒张压的比值,胎儿脐动脉收缩压与舒张压的比值
肺活量（VC）,肺活量（VC）
眼底荧光血管造影,眼底荧光血管造影
明胶液化试验,明胶液化试验
仰卧挺腹试验,仰卧挺腹试验
颈静脉回流试验,颈静脉回流试验
冷热试验,冷热试验
病毒感染免疫检测,病毒感染免疫检测
鼻咽部活组织检查,鼻咽部活组织检查
压平眼压计测量法,压平眼压计测量法
血管紧张素Ⅰ,血管紧张素Ⅰ
血清α1-抗胰蛋白酶蛋白,血清α1-抗胰蛋白酶蛋白
膝关节过伸试验,膝关节过伸试验
肺通气量,肺通气量
不育男性体格检查,不育男性体格检查
甲状腺显像,甲状腺显像
餐叉畸形,餐叉畸形
苯丙氨酸脱氨酶试验,苯丙氨酸脱氨酶试验
反跳试验,反跳试验
肝区及胆囊叩击痛,肝区及胆囊叩击痛
血清补体C3,血清补体C3
尿脂肪,尿脂肪
腹股沟外环冲击试验,腹股沟外环冲击试验
胶体铁染色,胶体铁染色
婴幼儿肌肉骨骼系统检查,婴幼儿肌肉骨骼系统检查
产后盆底肌肉检查及评估,产后盆底肌肉检查及评估
血清r-谷氨酰基转移酶,血清r-谷氨酰基转移酶
IgG抗B-效价测定,IgG抗B-效价测定
骨密度测定,骨密度测定
尿血红蛋白（uHB）,尿血红蛋白（uHB）
散光表验光法,散光表验光法
间α胰蛋酶抑制物,间α胰蛋酶抑制物
新生儿红细胞计数,新生儿红细胞计数
唾液富组蛋白,唾液富组蛋白
血小板聚集试验（PAgT）,血小板聚集试验（PAgT）
肠道通过时间测定和压力测定,肠道通过时间测定和压力测定
伦德试验,伦德试验
超声内镜检查,超声内镜检查
血小板检查项目,血小板检查项目
胃游离盐酸测定,胃游离盐酸测定
血糖仪,血糖仪
尿δ-氨基-γ-酮基戊酸,尿δ-氨基-γ-酮基戊酸
腹部静脉检查,腹部静脉检查
血清-氧化氮,血清-氧化氮
兴奋剂尿检,兴奋剂尿检
左肾静脉“胡桃夹”综合征检查,左肾静脉“胡桃夹”综合征检查
牙髓电活力测定,牙髓电活力测定
血浆缬氨酸,血浆缬氨酸
盆腔CT检查,盆腔CT检查
饱餐试验,饱餐试验
马氏杆,马氏杆
自身溶血试验及纠正试验,自身溶血试验及纠正试验
角膜内皮细胞计数仪,角膜内皮细胞计数仪
链霉素皮内试验,链霉素皮内试验
拉塞格征,拉塞格征
脂蛋白脂肪酶,脂蛋白脂肪酶
血清β2微球蛋白（β2-MG）,血清β2微球蛋白（β2-MG）
织网红细胞计数,织网红细胞计数
蛋白电泳,蛋白电泳
抗乙型脑炎病毒抗体（EPBV-AB),抗乙型脑炎病毒抗体（EPBV-AB)
免疫电泳,免疫电泳
C肽（C-PR）,C肽（C-PR）
抗SS-B(La)抗体,抗SS-B(La)抗体
血流变学检查,血流变学检查
血清胆固醇,血清胆固醇
过氧化酶染色,过氧化酶染色
反应时,反应时
血清超敏促甲状腺激素测定,血清超敏促甲状腺激素测定
心包积液检查,心包积液检查
结核杆菌血清学检查（anti-TB）,结核杆菌血清学检查（anti-TB）
尿肌红蛋白,尿肌红蛋白
血清腺苷脱氨酶,血清腺苷脱氨酶
基因诊断技术检测梅毒螺旋体,基因诊断技术检测梅毒螺旋体
ASO试验,ASO试验
威廉征,威廉征
全血黏度,全血黏度
血清单胺氧化酶（MAO）,血清单胺氧化酶（MAO）
血浆凝血酶原片段1+2检测,血浆凝血酶原片段1+2检测
食管造影,食管造影
弓弦试验,弓弦试验
血浆纤溶酶―抗纤溶酶复合物测定,血浆纤溶酶―抗纤溶酶复合物测定
内分泌功能试验,内分泌功能试验
糖链抗原242,糖链抗原242
阿司匹林耐量试验,阿司匹林耐量试验
马尿酸钠水解试验,马尿酸钠水解试验
肘直线检查,肘直线检查
男性性功能测试全面测试,男性性功能测试全面测试
感染免疫检测,感染免疫检测
安体舒通试验,安体舒通试验
细菌鉴定的酶类试验,细菌鉴定的酶类试验
黄体酮试验,黄体酮试验
血清肌红蛋白,血清肌红蛋白
菊糖发酵试验,菊糖发酵试验
温度与出汗,温度与出汗
四步触诊法,四步触诊法
异常凝血酶原（APT）,异常凝血酶原（APT）
HPV检查,HPV检查
椭圆形红细胞,椭圆形红细胞
血常规,血常规
两点辨别感觉,两点辨别感觉
Rh血型鉴定,Rh血型鉴定
快速血浆反应素试验,快速血浆反应素试验
维生素,维生素
体液免疫检测法,体液免疫检测法
丙型肝炎RNA,丙型肝炎RNA
肾小球滤过分数(GFF),肾小球滤过分数(GFF)
对氨马尿酸合成试验,对氨马尿酸合成试验
儿童骨科检查,儿童骨科检查
简易凝血酶生成试验,简易凝血酶生成试验
厌氧菌的分离与鉴定,厌氧菌的分离与鉴定
身高预测,身高预测
因子VIII/因子IX促凝活性,因子VIII/因子IX促凝活性
"总胆红素（TBIL,STB）","总胆红素（TBIL,STB）"
尿戊糖,尿戊糖
血清蛋白电泳,血清蛋白电泳
血清蛋白结合碘,血清蛋白结合碘
伤寒胶乳凝集试验,伤寒胶乳凝集试验
苷-鹅脱氧胆酸,苷-鹅脱氧胆酸
生理盐水皮肤试验,生理盐水皮肤试验
血清补体C7含量,血清补体C7含量
葡萄糖氧化酶电极膜法,葡萄糖氧化酶电极膜法
神经元特异性烯醇化酶,神经元特异性烯醇化酶
皮肤定位觉,皮肤定位觉
腹腔脏器的叩诊,腹腔脏器的叩诊
屈光检查,屈光检查
血尿酸,血尿酸
乙型肝炎核心抗体,乙型肝炎核心抗体
大隐静脉瓣膜功能试验,大隐静脉瓣膜功能试验
骨髓有核细胞计数,骨髓有核细胞计数
C3肾炎因子(C3Nef),C3肾炎因子(C3Nef)
促甲状腺激素兴奋显像,促甲状腺激素兴奋显像
肿瘤标志物检测,肿瘤标志物检测
血小板第3因子有效性测定,血小板第3因子有效性测定
Kveim试验,Kveim试验
抗流行性出血热IgM抗体,抗流行性出血热IgM抗体
血清冷球蛋白,血清冷球蛋白
血清卵磷脂-胆固醇酰基转移酶,血清卵磷脂-胆固醇酰基转移酶
收缩压,收缩压
腰背部检查,腰背部检查
β-半乳糖苷酶试验,β-半乳糖苷酶试验
脑脊液梅毒血清补体结合反应,脑脊液梅毒血清补体结合反应
胃肠道CT检查,胃肠道CT检查
全血砷（As）,全血砷（As）
胸腔积液临床化学检查,胸腔积液临床化学检查
抗心磷脂抗体（ACA）,抗心磷脂抗体（ACA）
植物血凝素试验,植物血凝素试验
抗精子抗体,抗精子抗体
血液分析仪检查,血液分析仪检查
普拉特试验,普拉特试验
布拉加尔征,布拉加尔征
双色法试验,双色法试验
血清支链氨基酸/芳香族氨基酸比值,血清支链氨基酸/芳香族氨基酸比值
肠道真菌病检测,肠道真菌病检测
髋膝屈曲试验,髋膝屈曲试验
婴幼儿测量身长,婴幼儿测量身长
体位,体位
循环免疫复合物（CIC),循环免疫复合物（CIC)
血清冷球蛋白（CG）,血清冷球蛋白（CG）
胰凝乳蛋白酶,胰凝乳蛋白酶
超氧化物歧化酶（SOD）,超氧化物歧化酶（SOD）
肿瘤基因P53抗体（P53-AB）,肿瘤基因P53抗体（P53-AB）
胱氨酸,胱氨酸
血清肌酸激酶同工酶,血清肌酸激酶同工酶
脑血流测定,脑血流测定
巴彬斯基征,巴彬斯基征
血清载脂蛋白测定,血清载脂蛋白测定
乳糜尿,乳糜尿
间接免疫荧光试验,间接免疫荧光试验
纤溶酶,纤溶酶
葡萄糖胰岛素释放试验,葡萄糖胰岛素释放试验
最大胃液分泌量,最大胃液分泌量
甲状腺静态显像,甲状腺静态显像
血清钴（Co）,血清钴（Co）
尿液透明度（UCI）,尿液透明度（UCI）
耳的一般检查法,耳的一般检查法
毛果芸香碱出汗试验,毛果芸香碱出汗试验
部分凝血活酶活性时间,部分凝血活酶活性时间
精子活动率,精子活动率
全血铁,全血铁
腹部叩诊,腹部叩诊
胸腔积液肿瘤细胞学检查,胸腔积液肿瘤细胞学检查
SST受体显像,SST受体显像
结肠造影,结肠造影
胸部疾病体征检查,胸部疾病体征检查
蝰蛇毒磷脂凝固时间,蝰蛇毒磷脂凝固时间
坠落试验,坠落试验
旋前圆肌和旋前方肌肌力试验,旋前圆肌和旋前方肌肌力试验
抗溶血性链球菌“O”试验,抗溶血性链球菌“O”试验
前臂屈肌紧张试验,前臂屈肌紧张试验
胸腔积液一般性状检查,胸腔积液一般性状检查
血清总补体,血清总补体
膀胱叩诊,膀胱叩诊
儿童肺功能检查,儿童肺功能检查
腹部外形触诊,腹部外形触诊
平均血小板体积(MPV),平均血小板体积(MPV)
痰液的一般性状检查,痰液的一般性状检查
凝血酶原时间（PT）,凝血酶原时间（PT）
缩胆囊素,缩胆囊素
血块收缩试验,血块收缩试验
卵磷脂小体,卵磷脂小体
抗SS-A(Ro)抗体,抗SS-A(Ro)抗体
眼底镜检查法,眼底镜检查法
睡眠试验,睡眠试验
脑脊液载脂蛋白A1，B100，CⅡ，CⅢ，E,脑脊液载脂蛋白A1，B100，CⅡ，CⅢ，E
尿肌酸,尿肌酸
尿铬（Cr）,尿铬（Cr）
肿瘤声学造影,肿瘤声学造影
血清γ-谷氨酰转肽酶同工酶,血清γ-谷氨酰转肽酶同工酶
舌下神经检查,舌下神经检查
浆细胞,浆细胞
眼底接触镜,眼底接触镜
身体质量指数,身体质量指数
血清γ-谷氨酰转肽酶,血清γ-谷氨酰转肽酶
封闭抗体检查,封闭抗体检查
腺病毒抗体,腺病毒抗体
抗角蛋白抗体(AKA),抗角蛋白抗体(AKA)
粪中脂肪,粪中脂肪
直肠-肛门运动功能测定,直肠-肛门运动功能测定
经皮经肝胆道引流术,经皮经肝胆道引流术
指鼻试验,指鼻试验
不稳定血红蛋白,不稳定血红蛋白
浆膜腔积液葡萄糖,浆膜腔积液葡萄糖
浆膜腔积液细胞学检查,浆膜腔积液细胞学检查
流式细胞DNA分析,流式细胞DNA分析
乙型肝炎病毒抗-前S2抗体,乙型肝炎病毒抗-前S2抗体
胶乳凝集抑制试验(LAI),胶乳凝集抑制试验(LAI)
血清锂（Li）,血清锂（Li）
酚妥拉明阻滞试验,酚妥拉明阻滞试验
尿锌（Zn）,尿锌（Zn）
脐带血穿刺,脐带血穿刺
糖链抗原19-9,糖链抗原19-9
动脉血氧分压(PaO2),动脉血氧分压(PaO2)
拇短展肌肌力试验,拇短展肌肌力试验
举一手试验,举一手试验
羊水检查,羊水检查
颅骨透照试验,颅骨透照试验
乳腺检查,乳腺检查
颅内多普勒血流图(TCD),颅内多普勒血流图(TCD)
研磨试验,研磨试验
血清铁,血清铁
抗链球菌激酶试验,抗链球菌激酶试验
胃镜,胃镜
抗凝血酶-Ⅲ,抗凝血酶-Ⅲ
精液液化时间,精液液化时间
胸廓检查,胸廓检查
"血管性血友病因子抗原（vWF:,Ag）","血管性血友病因子抗原（vWF:,Ag）"
刮髌试验,刮髌试验
内镜检查,内镜检查
尿铜,尿铜
全血还原黏度,全血还原黏度
膀胱镜,膀胱镜
酶联合吸附测定,酶联合吸附测定
排粪造影检查,排粪造影检查
早孕检查,早孕检查
抗PM-1抗体,抗PM-1抗体
子宫及附件检查,子宫及附件检查
动脉血氧含量（CaO2）,动脉血氧含量（CaO2）
抗中性粒细胞胞质抗体,抗中性粒细胞胞质抗体
糖基抗原CA199,糖基抗原CA199
红细胞电泳时间测定,红细胞电泳时间测定
HBsAg免疫复合物,HBsAg免疫复合物
血清山梨醇脱氢酶,血清山梨醇脱氢酶
脑脊液常规检验（CSF）,脑脊液常规检验（CSF）
散瞳验光,散瞳验光
结核杆菌基因检测（PCR）,结核杆菌基因检测（PCR）
血心钠肽（ANP）,血心钠肽（ANP）
高铁血红蛋白还原试验,高铁血红蛋白还原试验
积液纤维结合蛋白,积液纤维结合蛋白
"维生素E（VitE,VE）","维生素E（VitE,VE）"
乳糜尿定性试验,乳糜尿定性试验
尿汞,尿汞
孕酮撤血试验,孕酮撤血试验
胎盘成熟度,胎盘成熟度
床旁摄片,床旁摄片
低密度脂蛋白-胆固醇,低密度脂蛋白-胆固醇
游离甲状腺素指数（FT4I）,游离甲状腺素指数（FT4I）
肾小球滤过分数,肾小球滤过分数
步态分析,步态分析
蝶鞍侧位片,蝶鞍侧位片
X染色质,X染色质
浅感觉检查,浅感觉检查
抗艾滋病(AIDS)抗体,抗艾滋病(AIDS)抗体
腹部体毛检查,腹部体毛检查
卡普兰交点检查,卡普兰交点检查
吞噬鸡红细胞功能试验,吞噬鸡红细胞功能试验
乳管镜检查,乳管镜检查
鼓膜,鼓膜
血管紧张素转化酶,血管紧张素转化酶
抗单链DNA(ssDNA)抗体,抗单链DNA(ssDNA)抗体
色氨酸耐量试验,色氨酸耐量试验
脑脊液检查-化学检查-蛋白质检查,脑脊液检查-化学检查-蛋白质检查
促肾上腺皮质激素,促肾上腺皮质激素
尿氯,尿氯
精液黏稠度,精液黏稠度
鸭步检测,鸭步检测
尿肾上腺素,尿肾上腺素
血清叶酸,血清叶酸
抗胰岛细胞抗体（ICA）,抗胰岛细胞抗体（ICA）
尿lgG,尿lgG
血糖仪试纸带法,血糖仪试纸带法
糖链抗原15-3,糖链抗原15-3
重振试验,重振试验
胃肠道疾病的超声检查,胃肠道疾病的超声检查
平面显像,平面显像
血清乳酸脱氢酶（LDH）,血清乳酸脱氢酶（LDH）
血红蛋白电泳,血红蛋白电泳
皮肤试验,皮肤试验
听力检查,听力检查
吞噬白色念珠菌功能试验,吞噬白色念珠菌功能试验
血清免疫蛋白电泳,血清免疫蛋白电泳
尿N＇-甲基烟酰胺,尿N＇-甲基烟酰胺
血清甲胎蛋白(AFP),血清甲胎蛋白(AFP)
脑脊液氨基酸,脑脊液氨基酸
鼻部功能检查,鼻部功能检查
胰脏触诊,胰脏触诊
抗胰岛素受体抗体,抗胰岛素受体抗体
孕酮,孕酮
维生素B6,维生素B6
胃排空测定和显像,胃排空测定和显像
定量肝功能试验,定量肝功能试验
血管紧张素Ⅱ,血管紧张素Ⅱ
移动性浊音,移动性浊音
血清碱性磷酸酶同工酶,血清碱性磷酸酶同工酶
抗肌内膜自身抗体,抗肌内膜自身抗体
声阻抗检查,声阻抗检查
颈静脉压检查,颈静脉压检查
还原型血红蛋白溶解度测定,还原型血红蛋白溶解度测定
尿黄体生成素,尿黄体生成素
促黄体生成素LH,促黄体生成素LH
肾脏触诊,肾脏触诊
血清乙酰乙酸,血清乙酰乙酸
淋球菌免疫学检测,淋球菌免疫学检测
泪液乳酸脱氢酶,泪液乳酸脱氢酶
血浆凝血因子Ⅱ活性测定,血浆凝血因子Ⅱ活性测定
酸性磷酸酶,酸性磷酸酶
内生殖器检查,内生殖器检查
单腿站立试验,单腿站立试验
酸碱度(pH)值测定,酸碱度(pH)值测定
血清总补体活性（CH50）,血清总补体活性（CH50）
细菌对于碳水化合物的代谢试验,细菌对于碳水化合物的代谢试验
腹腔穿刺,腹腔穿刺
心内电生理检查,心内电生理检查
骨髓粒细胞系统,骨髓粒细胞系统
血脂检查,血脂检查
骨显像,骨显像
乳房触诊,乳房触诊
姿势与步态,姿势与步态
尿镁（Mg）,尿镁（Mg）
抗肝细胞膜抗原抗体(ALMA),抗肝细胞膜抗原抗体(ALMA)
消化道激素,消化道激素
妊娠检查,妊娠检查
红细胞生成素,红细胞生成素
不孕不育的免疫学检查,不孕不育的免疫学检查
胰蛋白酶,胰蛋白酶
碳源利用试验,碳源利用试验
唾液中的细胞,唾液中的细胞
全血锰,全血锰
血小板黏附试验,血小板黏附试验
肾素活性,肾素活性
乙型肝炎抗原抗体检测,乙型肝炎抗原抗体检测
阴道镜检查,阴道镜检查
血清γ-谷氨酰转肽酶同工酶（iso-r-GTP）,血清γ-谷氨酰转肽酶同工酶（iso-r-GTP）
戊型肝炎抗体（抗-HEIgM）,戊型肝炎抗体（抗-HEIgM）
阴道前后壁膨出度,阴道前后壁膨出度
阴道分泌物涂片检查,阴道分泌物涂片检查
胰岛素原,胰岛素原
肿瘤坏死因子α,肿瘤坏死因子α
5＇-核苷酸酶,5＇-核苷酸酶
尿胃蛋白酶,尿胃蛋白酶
三叉神经检查,三叉神经检查
温度觉,温度觉
副鼻窦造影,副鼻窦造影
白氨酸,白氨酸
胺试验,胺试验
酶联免疫吸附试验,酶联免疫吸附试验
斑疹伤寒血清学检测,斑疹伤寒血清学检测
单纯疱疹病毒（HSV）,单纯疱疹病毒（HSV）
单克隆丙种球蛋白,单克隆丙种球蛋白
丙氨酸氨基转移酶(ALT）,丙氨酸氨基转移酶(ALT）
阴道分泌物清洁度,阴道分泌物清洁度
血清冷凝集素试验,血清冷凝集素试验
B因子溶血活性,B因子溶血活性
阿-曼氏试验,阿-曼氏试验
风湿病化验检查项目,风湿病化验检查项目
肾小球功能试验,肾小球功能试验
巴氏或H-E染色检查,巴氏或H-E染色检查
平均红细胞血红蛋白含量（MCH）,平均红细胞血红蛋白含量（MCH）
粪便上皮细胞,粪便上皮细胞
尿砷,尿砷
体位变换试验,体位变换试验
红细胞流动系数TK值,红细胞流动系数TK值
眼底检查,眼底检查
抗胰岛素抗体(AIAb),抗胰岛素抗体(AIAb)
脑电图棘波,脑电图棘波
血清碱性磷酸酶,血清碱性磷酸酶
结肠驱气试验,结肠驱气试验
抗丙型肝炎病毒IgA抗体,抗丙型肝炎病毒IgA抗体
血清免疫球蛋白（Ig）,血清免疫球蛋白（Ig）
寄生虫检查的定量透明法,寄生虫检查的定量透明法
去铁胺试验,去铁胺试验
胎盘分级,胎盘分级
跟轴线测量,跟轴线测量
支气管造影,支气管造影
尿淀粉酶（UAMY）,尿淀粉酶（UAMY）
靛胭脂试验,靛胭脂试验
维生素U,维生素U
血清学反应,血清学反应
骨髓单核细胞系统,骨髓单核细胞系统
毛细血管搏动征,毛细血管搏动征
胃肠道功能动力学检查,胃肠道功能动力学检查
脑脊液酸碱度值,脑脊液酸碱度值
尿睾酮,尿睾酮
血锑,血锑
脊柱超伸试验,脊柱超伸试验
直接胆红素,直接胆红素
红细胞腺苷酸激酶,红细胞腺苷酸激酶
施瓦巴赫试验,施瓦巴赫试验
足拍打试验,足拍打试验
乳腺导管内窥镜,乳腺导管内窥镜
胃钡餐造影,胃钡餐造影
同色表检查法,同色表检查法
泪器检查,泪器检查
血浆凝血酶检测,血浆凝血酶检测
站立位研磨试验,站立位研磨试验
血清汞（Hg）,血清汞（Hg）
不孕不育检查,不孕不育检查
脂蛋白a（Lp-a）,脂蛋白a（Lp-a）
比格凝血活酶生成时间,比格凝血活酶生成时间
血清α1微球蛋白（α1-MG）,血清α1微球蛋白（α1-MG）
全血细胞计数,全血细胞计数
尿隐血,尿隐血
人类轮状病毒抗体,人类轮状病毒抗体
眼压计测量法,眼压计测量法
霍夫曼征,霍夫曼征
闭孔内肌征,闭孔内肌征
红细胞寿命,红细胞寿命
中心静脉压测定（CVP）,中心静脉压测定（CVP）
疥螨检查,疥螨检查
血清游离甘油,血清游离甘油
妊娠周数的判断,妊娠周数的判断
TRH兴奋TSH、PRL试验,TRH兴奋TSH、PRL试验
甲状旁腺激素（PTH),甲状旁腺激素（PTH)
骨盆内测量,骨盆内测量
血清不饱和铁结合力,血清不饱和铁结合力
酸返流试验,酸返流试验
头颅平片,头颅平片
凝血酶原消耗试验,凝血酶原消耗试验
蛋白质类肿瘤标志物检测,蛋白质类肿瘤标志物检测
酸化甘油溶血试验,酸化甘油溶血试验
胆囊和胆道收缩功能检查,胆囊和胆道收缩功能检查
雌酮(E1),雌酮(E1)
胃充盈及排空功能检查,胃充盈及排空功能检查
抗甲状腺球蛋白抗体,抗甲状腺球蛋白抗体
经皮肾镜检查,经皮肾镜检查
异型淋巴细胞,异型淋巴细胞
活化蛋白C抵抗试验,活化蛋白C抵抗试验
糖链抗原72-4,糖链抗原72-4
语言检查法,语言检查法
胸腔积液微生物学检查,胸腔积液微生物学检查
颞下颌关节造影,颞下颌关节造影
尿液颜色（UCO）,尿液颜色（UCO）
腹部平片,腹部平片
夹纸试验,夹纸试验
脑磷脂胆固醇絮状试验,脑磷脂胆固醇絮状试验
强弱,强弱
妇科的保健体检,妇科的保健体检
尿17-酮皮质类固醇（17-KS）,尿17-酮皮质类固醇（17-KS）
血浆D-二聚体测定,血浆D-二聚体测定
转白试验,转白试验
骨骼肌自身抗体（ASA）,骨骼肌自身抗体（ASA）
红细胞δ-氨基-γ-酮戊酸脱水酶,红细胞δ-氨基-γ-酮戊酸脱水酶
蛋白质、氨基酸分解产物试验,蛋白质、氨基酸分解产物试验
淀粉样体,淀粉样体
肾功能检查,肾功能检查
肾血浆流量,肾血浆流量
真菌感染的实验室检查,真菌感染的实验室检查
抗戊型肝炎病毒IgM抗体,抗戊型肝炎病毒IgM抗体
血清白细胞介素3,血清白细胞介素3
血清脂肪酶,血清脂肪酶
抗Ku抗体,抗Ku抗体
抗巨细胞病毒IgM抗体,抗巨细胞病毒IgM抗体
俯卧伸髋试验,俯卧伸髋试验
脑脊液的显微镜检查,脑脊液的显微镜检查
肝压痛,肝压痛
骨关节及软组织CT检查,骨关节及软组织CT检查
抗组织相容性抗原-DR抗体（抗-HLA-DR）,抗组织相容性抗原-DR抗体（抗-HLA-DR）
乙型肝炎表面抗体,乙型肝炎表面抗体
肛门视诊,肛门视诊
淀粉酶同工酶,淀粉酶同工酶
尿液N-乙酰-β-D-氨基葡萄糖苷酶（UNAG）,尿液N-乙酰-β-D-氨基葡萄糖苷酶（UNAG）
T管造影,T管造影
细菌内毒素检查法,细菌内毒素检查法
前列腺液卵磷脂小体,前列腺液卵磷脂小体
反弓抗阻试验,反弓抗阻试验
寒冷性升压试验,寒冷性升压试验
前锯肌肌力试验,前锯肌肌力试验
抗双链DNA抗体,抗双链DNA抗体
纤维胃镜,纤维胃镜
α-巯基乙醇试验,α-巯基乙醇试验
人巨细胞病毒抗体,人巨细胞病毒抗体
胰泌素,胰泌素
丁醇提取碘（BEI）,丁醇提取碘（BEI）
尿血红蛋白定性,尿血红蛋白定性
"脱氢异雄酮(DHEA,DHA)","脱氢异雄酮(DHEA,DHA)"
上消化道造影,上消化道造影
宫颈粘液检查,宫颈粘液检查
血浆17-羟孕酮,血浆17-羟孕酮
FM-100色彩试验,FM-100色彩试验
静脉听诊,静脉听诊
反映肝脏间质变化的试验,反映肝脏间质变化的试验
脑脊液乳酸,脑脊液乳酸
无离子水（自由水）清除率,无离子水（自由水）清除率
肿瘤受体显像,肿瘤受体显像
双合诊,双合诊
游离甲状腺指数,游离甲状腺指数
拳叩试验,拳叩试验
预产期推算,预产期推算
粪量,粪量
"血清醛固酮(ALD,ALS)","血清醛固酮(ALD,ALS)"
脑脊液血管活性肠肽,脑脊液血管活性肠肽
裸眼检查法,裸眼检查法
尿透明度,尿透明度
尿液浓缩稀释试验,尿液浓缩稀释试验
二氧化碳结合力,二氧化碳结合力
甲状腺放射性核素显影检查,甲状腺放射性核素显影检查
胫骨后肌肌力试验,胫骨后肌肌力试验
脑脊液蛋白定性（CSF.Pro）,脑脊液蛋白定性（CSF.Pro）
提睾反射,提睾反射
血浆18-羟-皮质酮,血浆18-羟-皮质酮
青霉素皮内试验,青霉素皮内试验
抗促甲状腺素受体抗体（TRAb）,抗促甲状腺素受体抗体（TRAb）
Farnsworth15色标试验,Farnsworth15色标试验
尿钠,尿钠
血浆内皮素测定,血浆内皮素测定
外-斐二氏反应,外-斐二氏反应
端粒酶活性,端粒酶活性
周围血白细胞计数及分类检验,周围血白细胞计数及分类检验
肝胆显像,肝胆显像
维生素A结合蛋白（RBP）,维生素A结合蛋白（RBP）
心音图检查,心音图检查
阴茎超声检查,阴茎超声检查
血液葡萄糖,血液葡萄糖
血浆亮氨酸,血浆亮氨酸
巨淀粉酶,巨淀粉酶
血浆因子XIII缺乏筛选试验,血浆因子XIII缺乏筛选试验
持板试验,持板试验
羟赖氨酸,羟赖氨酸
硫酸锌浊度试验,硫酸锌浊度试验
大生化检查,大生化检查
破伤风抗毒素皮内试验（TAT),破伤风抗毒素皮内试验（TAT)
双链酶试验,双链酶试验
细菌对抗生素敏感试验,细菌对抗生素敏感试验
非必需微量元素,非必需微量元素
尿磷,尿磷
内皮素,内皮素
过敏原筛选,过敏原筛选
抗骨骼肌抗体（ASA）,抗骨骼肌抗体（ASA）
咽鼓管检查法,咽鼓管检查法
血浆渗量检查,血浆渗量检查
纤维蛋白原测定,纤维蛋白原测定
X线碘油造影,X线碘油造影
脊柱活动度,脊柱活动度
用力肺活量（FVC),用力肺活量（FVC)
癌抗原72-4（CA72-4）,癌抗原72-4（CA72-4）
浆膜腔积液蛋白,浆膜腔积液蛋白
直伸运动试验,直伸运动试验
动态血压监测(ABPM),动态血压监测(ABPM)
小指短屈肌肌力试验,小指短屈肌肌力试验
癌症普查,癌症普查
羊水一般检查,羊水一般检查
剖腹探查,剖腹探查
尼拉通线测量,尼拉通线测量
结核菌素皮内试验,结核菌素皮内试验
骨骼听诊,骨骼听诊
后穹窿穿刺术,后穹窿穿刺术
胍基化合物,胍基化合物
血清丙氨酸氨基转移同工酶,血清丙氨酸氨基转移同工酶
胸腔镜检查,胸腔镜检查
积液β2-微球蛋白,积液β2-微球蛋白
白带检查,白带检查
氯化铵负荷试验,氯化铵负荷试验
游离三碘甲状腺原氨酸指数（FT3I）,游离三碘甲状腺原氨酸指数（FT3I）
望远镜试验,望远镜试验
全血乳酸测定,全血乳酸测定
血清运铁蛋白（Tf）,血清运铁蛋白（Tf）
肝纤维化指标检查,肝纤维化指标检查
尿道口检查,尿道口检查
血浆促甲状腺激素释放激素(TRH),血浆促甲状腺激素释放激素(TRH)
痰培养+药敏试验,痰培养+药敏试验
逆行肾盂造影,逆行肾盂造影
TORCH检查,TORCH检查
风疹病毒抗体,风疹病毒抗体
红细胞磷酸甘油酸激酶,红细胞磷酸甘油酸激酶
全身显像,全身显像
精子爬高试验,精子爬高试验
健肢抬高试验,健肢抬高试验
苷-胆酸,苷-胆酸
尿碘(I),尿碘(I)
尿液粘多糖检测,尿液粘多糖检测
血清腺苷脱氨酶（ADA）,血清腺苷脱氨酶（ADA）
子宫与附件肿块,子宫与附件肿块
眼及眶区CT检查,眼及眶区CT检查
逆行胰胆管造影（ERCP）,逆行胰胆管造影（ERCP）
凝血因子活性测定,凝血因子活性测定
抗乙酰胆碱受体抗体,抗乙酰胆碱受体抗体
尿胆素,尿胆素
乙型肝炎e抗原,乙型肝炎e抗原
丙型肝炎病毒抗体免疫球蛋白M,丙型肝炎病毒抗体免疫球蛋白M
丝氨酸,丝氨酸
平衡法放射性核素心血管造影(ERNA),平衡法放射性核素心血管造影(ERNA)
血清铁蛋白,血清铁蛋白
血清酸性磷酸酶（ACP）,血清酸性磷酸酶（ACP）
含甲状腺球蛋白免疫复合物（TG-IC）,含甲状腺球蛋白免疫复合物（TG-IC）
拇外翻检测,拇外翻检测
每分钟最大通气量（MVV）,每分钟最大通气量（MVV）
颅脑超声检查,颅脑超声检查
语音试验,语音试验
心理年龄测试,心理年龄测试
腹壁紧张度,腹壁紧张度
共济失调的检查,共济失调的检查
涎腺超声检查,涎腺超声检查
尿液标本的细菌学检验,尿液标本的细菌学检验
脑电图尖波,脑电图尖波
脑脊液囊虫病间接血球凝集试验,脑脊液囊虫病间接血球凝集试验
年龄检查,年龄检查
吞线试验,吞线试验
眼标本的细菌学检查,眼标本的细菌学检查
角膜知觉检查法,角膜知觉检查法
颈静脉检查,颈静脉检查
红细胞比容,红细胞比容
抗核仁抗体,抗核仁抗体
鼻粘膜及鼻腔分泌物,鼻粘膜及鼻腔分泌物
泪液表皮生长因子,泪液表皮生长因子
惟一氮源试验,惟一氮源试验
抗链球菌溶血素“O”试验,抗链球菌溶血素“O”试验
细菌感染免疫检测,细菌感染免疫检测
腹水甘油三酯,腹水甘油三酯
血清金,血清金
α2-热稳定性糖蛋白,α2-热稳定性糖蛋白
皮肤斑贴实验,皮肤斑贴实验
实际碳酸氢根,实际碳酸氢根
浆膜腔积液病原体,浆膜腔积液病原体
抗表皮基底膜抗体,抗表皮基底膜抗体
甲状腺素结合球蛋白,甲状腺素结合球蛋白
搔刮试验,搔刮试验
尿蛋氨酸（Met）,尿蛋氨酸（Met）
特伦德伦伯格试验,特伦德伦伯格试验
尿去甲肾上腺素（NNM）,尿去甲肾上腺素（NNM）
肝-颈静脉返流征,肝-颈静脉返流征
螺内酯试验,螺内酯试验
α2-HS-糖蛋白,α2-HS-糖蛋白
脑脊液免疫球蛋白,脑脊液免疫球蛋白
粪便性状,粪便性状
鼻胆管引流（ENBD）,鼻胆管引流（ENBD）
三碘甲状腺原氨酸抑制试验,三碘甲状腺原氨酸抑制试验
自身溶血试验,自身溶血试验
血浆组织纤溶酶原活化物抗原检测,血浆组织纤溶酶原活化物抗原检测
经皮肤穿刺胆道造影,经皮肤穿刺胆道造影
红细胞葡萄糖-6-磷酸脱氢酶活性,红细胞葡萄糖-6-磷酸脱氢酶活性
总甲状腺素,总甲状腺素
伯尔格试验,伯尔格试验
复钙时间,复钙时间
红细胞碱粒凝集试验,红细胞碱粒凝集试验
尿TH糖蛋白,尿TH糖蛋白
血池显像,血池显像
尿红细胞位相,尿红细胞位相
嗜碱性粒细胞数,嗜碱性粒细胞数
轮状病毒抗体（RV Ab）,轮状病毒抗体（RV Ab）
膝关节分离试验,膝关节分离试验
溶血试验,溶血试验
羊水生化检查,羊水生化检查
血糖,血糖
钩端螺旋体补体结合试验,钩端螺旋体补体结合试验
胃基础胃酸分泌量测定（BAO）,胃基础胃酸分泌量测定（BAO）
献血者健康检查,献血者健康检查
间碘苄胍γ-闪烁照相,间碘苄胍γ-闪烁照相
抗双链DNA抗体（ani-DNA）,抗双链DNA抗体（ani-DNA）
胆汁溶菌试验,胆汁溶菌试验
胎儿发育检查,胎儿发育检查
男性不育HCG刺激试验,男性不育HCG刺激试验
交叉步行试验,交叉步行试验
"碱性磷酸酶(ALP,AKP)","碱性磷酸酶(ALP,AKP)"
肺泡气-动脉血氧分压差,肺泡气-动脉血氧分压差
过敏原检测仪,过敏原检测仪
局部淋巴显象,局部淋巴显象
尿液亮氨酸氨基转肽酶（ULAP）,尿液亮氨酸氨基转肽酶（ULAP）
转铁蛋白饱和度,转铁蛋白饱和度
巴氏(Pap) 阴道细胞涂片检查,巴氏(Pap) 阴道细胞涂片检查
血清淀粉样蛋白A,血清淀粉样蛋白A
镰形红细胞,镰形红细胞
肺顺应性(C),肺顺应性(C)
肺通气显像,肺通气显像
白细胞介素5（iL-5）,白细胞介素5（iL-5）
羊水甲胎蛋白测定（AFP）,羊水甲胎蛋白测定（AFP）
精浆的生化检查,精浆的生化检查
阿利新蓝染色,阿利新蓝染色
黑曼征,黑曼征
血小板平均体积（MPV）,血小板平均体积（MPV）
眼睑肌力测量计,眼睑肌力测量计
腰背部麻醉试验,腰背部麻醉试验
血清胆固醇与磷脂比值,血清胆固醇与磷脂比值
积液腺苷脱氢酶,积液腺苷脱氢酶
胎儿畸形筛查,胎儿畸形筛查
血小板第3因子功能检测,血小板第3因子功能检测
钒,钒
光觉检查,光觉检查
造影检查,造影检查
耳部检查,耳部检查
自主神经功能检查,自主神经功能检查
红细胞乳酸生成率,红细胞乳酸生成率
抗Jo-1抗体,抗Jo-1抗体
角膜厚度测量,角膜厚度测量
脑脊液无机磷,脑脊液无机磷
前列腺、精囊腺的超声检查,前列腺、精囊腺的超声检查
绒毛膜取样术,绒毛膜取样术
"结核菌素试验（OT,PPD）","结核菌素试验（OT,PPD）"
染色体,染色体
蛇毒因子溶血试验,蛇毒因子溶血试验
抗凝血活性试验,抗凝血活性试验
鼠红细胞花环形成试验,鼠红细胞花环形成试验
赖氨酸,赖氨酸
三碘甲状腺原氨酸摄取率,三碘甲状腺原氨酸摄取率
乙型肝炎病毒核心抗体（HBcAb）,乙型肝炎病毒核心抗体（HBcAb）
抗甲状腺微粒体抗体(ATMA),抗甲状腺微粒体抗体(ATMA)
多药耐药（MDR）基因检测,多药耐药（MDR）基因检测
维生素D（VitD）,维生素D（VitD）
血管壁的检测,血管壁的检测
角膜映光法,角膜映光法
色素内镜检查,色素内镜检查
脉率,脉率
视力,视力
脑脊液氧分压(PO2)和二氧化碳分压(PCO2),脑脊液氧分压(PO2)和二氧化碳分压(PCO2)
角尺度试验,角尺度试验
压痛及反跳痛,压痛及反跳痛
乙肝两对半,乙肝两对半
摸空征,摸空征
真菌检查,真菌检查
紧张度与动脉壁状态,紧张度与动脉壁状态
胆囊胆道B超检查,胆囊胆道B超检查
胎儿镜,胎儿镜
皮内试验,皮内试验
尿二胆检查,尿二胆检查
脑脊液细胞分类计数,脑脊液细胞分类计数
衣原体检查法,衣原体检查法
血液酸碱度（pH）,血液酸碱度（pH）
肝血流灌注显像,肝血流灌注显像
粪便血液,粪便血液
脓汁和创伤感染标本细菌学检查,脓汁和创伤感染标本细菌学检查
交通静脉瓣膜功能试验,交通静脉瓣膜功能试验
泪道探术,泪道探术
胸部外部检查,胸部外部检查
下颌运动检查,下颌运动检查
尿N-乙酰β-D氨基葡萄糖苷酶,尿N-乙酰β-D氨基葡萄糖苷酶
耳镜检查法,耳镜检查法
浊度,浊度
特异性IgE抗体,特异性IgE抗体
内科检查,内科检查
阴囊检查,阴囊检查
婴幼儿股动脉搏动检查,婴幼儿股动脉搏动检查
苏丹黑B染色,苏丹黑B染色
抗可溶性肝抗原抗体（SLA）,抗可溶性肝抗原抗体（SLA）
粪便气味,粪便气味
尿谷草转氨酶（GOT）,尿谷草转氨酶（GOT）
阴道分泌物检查,阴道分泌物检查
血葡萄糖,血葡萄糖
羊水白细胞,羊水白细胞
尿多巴胺,尿多巴胺
Alder试验,Alder试验
Lhermitte征,Lhermitte征
胰岛素-c肽测定及其释放试验,胰岛素-c肽测定及其释放试验
腰大肌刺激试验,腰大肌刺激试验
蛋白质浓度测定,蛋白质浓度测定
血管杂音,血管杂音
肾血流量（RPF）,肾血流量（RPF）
呼吸道粘液-纤毛清除功能测定,呼吸道粘液-纤毛清除功能测定
基础胃液分泌量,基础胃液分泌量
鼻嗅觉功能检查,鼻嗅觉功能检查
甘氨酸,甘氨酸
尿失禁诱发试验,尿失禁诱发试验
甲状腺、甲状旁腺的超声检查,甲状腺、甲状旁腺的超声检查
尿素,尿素
选择性蛋白尿指数,选择性蛋白尿指数
眼球异物定位摄影,眼球异物定位摄影
尿胆原,尿胆原
粪便钙,粪便钙
抗淋巴细胞抗体,抗淋巴细胞抗体
血清谷草转氨酶,血清谷草转氨酶
肱二头肌反射,肱二头肌反射
6-酮前列腺素F1α,6-酮前列腺素F1α
脑脊液透明度,脑脊液透明度
指深屈肌肌力试验,指深屈肌肌力试验
双眼平衡检查,双眼平衡检查
血清精氨酰琥珀酸裂解酶（ASAL),血清精氨酰琥珀酸裂解酶（ASAL)
尿微量转铁蛋白,尿微量转铁蛋白
血清α1抗胰蛋白酶测定（α1-AT ）,血清α1抗胰蛋白酶测定（α1-AT ）
血栓调节蛋白活性,血栓调节蛋白活性
p53基因检测,p53基因检测
A型超声检查,A型超声检查
尿瘘检测,尿瘘检测
血乳酸,血乳酸
血清前白蛋白（PA）,血清前白蛋白（PA）
尿黑素,尿黑素
黑加征,黑加征
血清肌酸激酶同工酶（CKI）,血清肌酸激酶同工酶（CKI）
胃液尿素测定,胃液尿素测定
踝关节背伸试验,踝关节背伸试验
口服胆囊造影,口服胆囊造影
一小时尿沉渣计数,一小时尿沉渣计数
叠氮高铁血红蛋白,叠氮高铁血红蛋白
C反应蛋白（CRP）,C反应蛋白（CRP）
尿免疫球蛋白,尿免疫球蛋白
盆腔和阴道B超,盆腔和阴道B超
细胞膜表面免疫球蛋白测定,细胞膜表面免疫球蛋白测定
产科检查,产科检查
尿氨氮,尿氨氮
淋病细菌学检测,淋病细菌学检测
基础代谢,基础代谢
肺弥散功能测定（DL）,肺弥散功能测定（DL）
儿童生长发育检测,儿童生长发育检测
足长身高预测法,足长身高预测法
血清甘氨酰脯氨酰-二肽氨基肽酶（GPDA）,血清甘氨酰脯氨酰-二肽氨基肽酶（GPDA）
甲状腺吸碘试验,甲状腺吸碘试验
胰高糖素激发试验,胰高糖素激发试验
痰液细胞学检查,痰液细胞学检查
乳房自检,乳房自检
肝搏动,肝搏动
血小板电泳时间测定,血小板电泳时间测定
血清α1-酸性糖蛋白,血清α1-酸性糖蛋白
流速容量测定,流速容量测定
维生素K,维生素K
抗多发性肌炎-l抗体,抗多发性肌炎-l抗体
身体器官功能与营养,身体器官功能与营养
瑞斯托霉素诱导血小板聚集测定,瑞斯托霉素诱导血小板聚集测定
酸溶血试验,酸溶血试验
下消化道内镜检查,下消化道内镜检查
免疫学检测,免疫学检测
炭疽的凝集反应,炭疽的凝集反应
阴囊超声检查,阴囊超声检查
抗类风湿性关节炎33抗体,抗类风湿性关节炎33抗体
音叉检查,音叉检查
肺和胸膜听诊,肺和胸膜听诊
胃液显微镜检查,胃液显微镜检查
胸部滴水声,胸部滴水声
脂肪尿和乳糜尿检查(Chyluria),脂肪尿和乳糜尿检查(Chyluria)
血清乳糖,血清乳糖
“胎儿颈部透明带”的筛检,“胎儿颈部透明带”的筛检
"脂蛋白电泳(SLE,LPE,LE)","脂蛋白电泳(SLE,LPE,LE)"
精子活动力检查,精子活动力检查
产前的口腔检查,产前的口腔检查
尿路平片,尿路平片
闭眼单脚站立,闭眼单脚站立
SW阴茎超声血流检测,SW阴茎超声血流检测
语调与语态,语调与语态
血浆醛固酮,血浆醛固酮
热盐水试验,热盐水试验
雌三醇,雌三醇
支气管哮喘运动激发试验,支气管哮喘运动激发试验
粪便结缔组织与弹力纤维,粪便结缔组织与弹力纤维
甲状腺球蛋白,甲状腺球蛋白
盖斯兰试验,盖斯兰试验
精子凝集试验,精子凝集试验
颌面五官CT检查,颌面五官CT检查
骨髓各系细胞形态学检查,骨髓各系细胞形态学检查
皮肤划痕试验,皮肤划痕试验
彻照法检查,彻照法检查
皮疹,皮疹
泪液β2-微球蛋白,泪液β2-微球蛋白
维生素B2,维生素B2
红细胞压积(HCT),红细胞压积(HCT)
气钡双对比造影,气钡双对比造影
泪液乳铁蛋白,泪液乳铁蛋白
骨盆测量,骨盆测量
幽门螺旋杆菌的直接检查,幽门螺旋杆菌的直接检查
狼疮细胞试验,狼疮细胞试验
烟酸(Niacin),烟酸(Niacin)
红外热象图检查,红外热象图检查
前房轴深检查法,前房轴深检查法
血液黏度,血液黏度
α-茶酚醋酸酯酶染色,α-茶酚醋酸酯酶染色
血清谷丙转氨酶,血清谷丙转氨酶
深感觉检查,深感觉检查
粪酸碱度,粪酸碱度
二硝基氯苯试验,二硝基氯苯试验
粪脂肪定量,粪脂肪定量
"伤寒、副伤寒血清凝集试验（肥达氏试验,肥达反应,Widal）","伤寒、副伤寒血清凝集试验（肥达氏试验,肥达反应,Widal）"
抗肾小球基底膜抗体测定（AGBM）,抗肾小球基底膜抗体测定（AGBM）
生殖器疱疹检测,生殖器疱疹检测
必需微量元素检测,必需微量元素检测
血小板体积分布宽度,血小板体积分布宽度
肾脏切片,肾脏切片
闭合容积（CV）,闭合容积（CV）
阴茎检查,阴茎检查
胰岛素胃酸分泌量,胰岛素胃酸分泌量
四肢CT检查,四肢CT检查
HCO3-重吸收试验,HCO3-重吸收试验
"纤维蛋白原（Fg,FIB）","纤维蛋白原（Fg,FIB）"
尿17-羟皮质类固醇,尿17-羟皮质类固醇
通气与血流灌注比值（V/Q）,通气与血流灌注比值（V/Q）
透光试验,透光试验
冠状动脉CT检查,冠状动脉CT检查
粪便淀粉颗粒,粪便淀粉颗粒
补体C3测定,补体C3测定
体层摄影,体层摄影
视觉诱发电位,视觉诱发电位
游离蛋白S测定,游离蛋白S测定
经皮肝穿胆道引流（PTD）,经皮肝穿胆道引流（PTD）
胎甲球（a-FA/AFP),胎甲球（a-FA/AFP)
抗U1RNP抗体,抗U1RNP抗体
吡啶斯的明兴奋GH试验,吡啶斯的明兴奋GH试验
血液及骨髓细菌培养,血液及骨髓细菌培养
精氨酰琥珀酸裂解酶,精氨酰琥珀酸裂解酶
子宫输卵管造影,子宫输卵管造影
细菌形态学检查方法,细菌形态学检查方法
乳房视诊,乳房视诊
血浆二氢睾酮（DHT）,血浆二氢睾酮（DHT）
虹膜检查法,虹膜检查法
血液及骨髓标本的细菌学检验,血液及骨髓标本的细菌学检验
血清免疫球蛋白测定,血清免疫球蛋白测定
乳房淋巴结实验,乳房淋巴结实验
胎产式,胎产式
荚膜肿胀试验,荚膜肿胀试验
唾液肌酐,唾液肌酐
葡萄糖抑制生长激素试验,葡萄糖抑制生长激素试验
尿锌,尿锌
电阻抗体积描记检查,电阻抗体积描记检查
饮水通气法,饮水通气法
体位引流,体位引流
儿茶酚胺,儿茶酚胺
动脉注射颜料对比试验,动脉注射颜料对比试验
食管压力测定,食管压力测定
"尿维生素B2（VitB2,VB2）","尿维生素B2（VitB2,VB2）"
不规则抗体筛选,不规则抗体筛选
痰液常规检查,痰液常规检查
粪细菌培养,粪细菌培养
血清脂肪酶（LPS）,血清脂肪酶（LPS）
"非结合胆红素(SIB,IBIL）","非结合胆红素(SIB,IBIL）"
尿三杯试验,尿三杯试验
便常规,便常规
产后检查,产后检查
纤维肠镜,纤维肠镜
斯比德试验,斯比德试验
牙髓温度试验（冷热诊）,牙髓温度试验（冷热诊）
前列腺液培养,前列腺液培养
血清结合珠蛋白,血清结合珠蛋白
皮肤真菌镜检,皮肤真菌镜检
真菌培养检查,真菌培养检查
十二指肠引流显微镜检查,十二指肠引流显微镜检查
尿道抬举试验,尿道抬举试验
视网膜检影法,视网膜检影法
白细胞抗原（HLA）,白细胞抗原（HLA）
脑多普勒超声（TCD）,脑多普勒超声（TCD）
尿儿茶酚胺（CA）,尿儿茶酚胺（CA）
鼻中隔,鼻中隔
直肠指检,直肠指检
"尿含铁血黄素(HS,Hd)","尿含铁血黄素(HS,Hd)"
脾脏触诊,脾脏触诊
放射性核素肾图,放射性核素肾图
禁水加压素试验,禁水加压素试验
T淋巴细胞亚群,T淋巴细胞亚群
烟酸,烟酸
脑电图弥漫性慢波,脑电图弥漫性慢波
局部显像,局部显像
非梅毒螺旋体抗原血清试验,非梅毒螺旋体抗原血清试验
胆碱酯酶,胆碱酯酶
肺活检,肺活检
脊柱触诊,脊柱触诊
精液气味,精液气味
放射性核素肾扫描,放射性核素肾扫描
痰液病原体检查,痰液病原体检查
血清丁醇提取碘,血清丁醇提取碘
粪胆红素,粪胆红素
碳氧血红蛋白定性试验(HBCO),碳氧血红蛋白定性试验(HBCO)
每分钟静息通气量（VE）,每分钟静息通气量（VE）
石胆酸,石胆酸
新生儿溶血症筛查,新生儿溶血症筛查
固相酶免疫测定技术,固相酶免疫测定技术
钙调素,钙调素
酶学检查,酶学检查
尿胆原（URO）,尿胆原（URO）
血清肌钙蛋白I(TnI)和肌钙蛋白T(TnT),血清肌钙蛋白I(TnI)和肌钙蛋白T(TnT)
磁共振波谱成像,磁共振波谱成像
Cochet和Bonnet氏角膜知觉测量计,Cochet和Bonnet氏角膜知觉测量计
肾小管氨马尿酸最大排泄量试验,肾小管氨马尿酸最大排泄量试验
红细胞丙酮酸激酶活性,红细胞丙酮酸激酶活性
钼靶X线检查,钼靶X线检查
弓形体抗体测定,弓形体抗体测定
拇指对掌肌肌力试验,拇指对掌肌肌力试验
冈上肌肌腱断裂试验,冈上肌肌腱断裂试验
肾血管造影,肾血管造影
先令氏指数,先令氏指数
描图试验,描图试验
十二指肠液和胆汁寄生虫检查,十二指肠液和胆汁寄生虫检查
反击征,反击征
脱氢表雄酮,脱氢表雄酮
联合屈曲征,联合屈曲征
虱检查,虱检查
内窥镜逆行胰胆管造影（ERCP）,内窥镜逆行胰胆管造影（ERCP）
选择蛋白指数（SPI）,选择蛋白指数（SPI）
蓝多耳菲征,蓝多耳菲征
脉冲震荡肺功能（IOS）,脉冲震荡肺功能（IOS）
子母胰管镜检查,子母胰管镜检查
斯叩达鼓音,斯叩达鼓音
抗网蛋白抗体,抗网蛋白抗体
面神经检查,面神经检查
乳突,乳突
戈登征,戈登征
梅毒螺旋体抗原血清试验,梅毒螺旋体抗原血清试验
血清唾液酸测定,血清唾液酸测定
竖毛反射,竖毛反射
菊粉清除率,菊粉清除率
肺和胸膜视诊,肺和胸膜视诊
血清尿素,血清尿素
粪便寄生虫,粪便寄生虫
白陶土部分凝血活酶时间,白陶土部分凝血活酶时间
阴道尿道瘘显象,阴道尿道瘘显象
血清磷酸已糖异构酶,血清磷酸已糖异构酶
肾上腺髓质显像,肾上腺髓质显像
宿主中介试验,宿主中介试验
柯萨奇病毒抗体,柯萨奇病毒抗体
常规体检,常规体检
血清锌（Zn）,血清锌（Zn）
微量元素中毒检测,微量元素中毒检测
抗乙酰胆碱受体抗体（AchR-Ab）,抗乙酰胆碱受体抗体（AchR-Ab）
自我血糖监测,自我血糖监测
血管镜,血管镜
脑脊液钠,脑脊液钠
鳞状上皮细胞癌抗原,鳞状上皮细胞癌抗原
骨骼视诊,骨骼视诊
天门冬酰酸,天门冬酰酸
神经系统细胞学检查,神经系统细胞学检查
合掌分掌试验,合掌分掌试验
尿镍（Ni）,尿镍（Ni）
血管性假血友病因子,血管性假血友病因子
尿铅（Pb）,尿铅（Pb）
麻风病的皮内试验,麻风病的皮内试验
精液颜色,精液颜色
积液溶菌酶,积液溶菌酶
腰部活动度,腰部活动度
羊水泡沫试验,羊水泡沫试验
液晶热图,液晶热图
速尿激发试验,速尿激发试验
尿溶菌酶,尿溶菌酶
唾液钾,唾液钾
粪便隐血试验(OBT),粪便隐血试验(OBT)
血清白细胞介素6,血清白细胞介素6
必需氨基酸,必需氨基酸
尿铅,尿铅
痛觉,痛觉
尿液病原体检查,尿液病原体检查
血清黏度（SV）,血清黏度（SV）
被动转移试验,被动转移试验
脑脊液丙氨酸氨基转移酶,脑脊液丙氨酸氨基转移酶
弓形虫抗体,弓形虫抗体
男性生殖内分泌检查,男性生殖内分泌检查
胰蛋白酶(Try),胰蛋白酶(Try)
骨骼动诊,骨骼动诊
维生素K反应试验,维生素K反应试验
巨噬细胞移动抑制试验,巨噬细胞移动抑制试验
脾脏超声检查,脾脏超声检查
抗柯萨奇B病毒IgG抗体,抗柯萨奇B病毒IgG抗体
有核红细胞,有核红细胞
超级影像,超级影像
主觉检查,主觉检查
尿丙氨酸氨基肽酶（UAAP）,尿丙氨酸氨基肽酶（UAAP）
包虫病补体结合试验,包虫病补体结合试验
大型血小板比例(P-LCR),大型血小板比例(P-LCR)
肺泡-动脉氧分压差（PA-aDO2）,肺泡-动脉氧分压差（PA-aDO2）
碘黄试验,碘黄试验
胸膜摩擦感,胸膜摩擦感
髋臼指数,髋臼指数
腹部血管超声检查,腹部血管超声检查
乳房穿刺针活检,乳房穿刺针活检
磁共振增强扫描,磁共振增强扫描
达阿马托征,达阿马托征
外耳道,外耳道
泪膜破裂时间,泪膜破裂时间
膀胱超声检查,膀胱超声检查
红细胞流变特性检测,红细胞流变特性检测
食道X线钡餐检查,食道X线钡餐检查
脑脊液镁,脑脊液镁
补体结合试验（CFT）,补体结合试验（CFT）
甘油复红试验,甘油复红试验
血清精氨酸酶（ARG）,血清精氨酸酶（ARG）
前房角镜检查法,前房角镜检查法
放射过敏原吸附试验(RAST),放射过敏原吸附试验(RAST)
贝美格诱发试验,贝美格诱发试验
双链酶皮内试验,双链酶皮内试验
胎儿镜检查,胎儿镜检查
梅毒螺旋体血凝试验,梅毒螺旋体血凝试验
血清β―羟基丁酸测定,血清β―羟基丁酸测定
康氏反应,康氏反应
上消化道功能测定和显像,上消化道功能测定和显像
血清铬（Cr）,血清铬（Cr）
前列腺液中细菌和原虫,前列腺液中细菌和原虫
口服葡萄糖耐量试验,口服葡萄糖耐量试验
癌抗原19-9（CA19-9）,癌抗原19-9（CA19-9）
电测听,电测听
男科检查,男科检查
乙状结肠镜检查,乙状结肠镜检查
肿瘤VIP受体显像,肿瘤VIP受体显像
抑癌基因Rb,抑癌基因Rb
血PSA检查,血PSA检查
粪糜蛋白酶,粪糜蛋白酶
宫颈分泌物培养,宫颈分泌物培养
腹部血管杂音,腹部血管杂音
抗利尿激素,抗利尿激素
被动血凝测定,被动血凝测定
促甲状腺激素（TSH）,促甲状腺激素（TSH）
结核杆菌检查,结核杆菌检查
尿渗透压,尿渗透压
视神经孔片,视神经孔片
舍莫尔试验,舍莫尔试验
脑脊液环磷鸟苷,脑脊液环磷鸟苷
血清蛋白电泳（SPE）,血清蛋白电泳（SPE）
SPECT显像,SPECT显像
匿血试验,匿血试验
宫颈粘液相合试验,宫颈粘液相合试验
线索细胞,线索细胞
M型超声心动图（ME）,M型超声心动图（ME）
"维生素K(VitK,VK)","维生素K(VitK,VK)"
抗平滑肌抗体,抗平滑肌抗体
手畸形检查,手畸形检查
T细胞转化试验,T细胞转化试验
促甲状腺激素释放激素兴奋试验,促甲状腺激素释放激素兴奋试验
颈部活动度检查,颈部活动度检查
维生素C,维生素C
羊水结晶检查,羊水结晶检查
芽生菌补体结合试验,芽生菌补体结合试验
尿半乳糖,尿半乳糖
尿淀粉酶,尿淀粉酶
梅毒螺旋体抗体,梅毒螺旋体抗体
咬合关系检查,咬合关系检查
尿蛋白质,尿蛋白质
4字试验,4字试验
血液学特殊功能检查,血液学特殊功能检查
载脂蛋白CⅢ,载脂蛋白CⅢ
B因子,B因子
跟臀试验,跟臀试验
脑脊液心钠素,脑脊液心钠素
粪胆素,粪胆素
引线试验,引线试验
无痛内视镜检查,无痛内视镜检查
心血管MRI检查,心血管MRI检查
骨盆挤压试验,骨盆挤压试验
阴道细胞学检查,阴道细胞学检查
流行性脑脊髓膜炎免疫学试验,流行性脑脊髓膜炎免疫学试验
内镜逆行胆胰管造影术,内镜逆行胆胰管造影术
叶酸,叶酸
尿胆汁酸,尿胆汁酸
半饱和氧分压,半饱和氧分压
红细胞聚集性,红细胞聚集性
尿维生素B6（VitB6）,尿维生素B6（VitB6）
抗组蛋白抗体,抗组蛋白抗体
血浆正铁血红蛋白,血浆正铁血红蛋白
尿丙氨酸氨基肽酶,尿丙氨酸氨基肽酶
组织胺激发试验,组织胺激发试验
血浆渗透压（POP）,血浆渗透压（POP）
免疫抑制酸性蛋白,免疫抑制酸性蛋白
纤维蛋白-琼脂平板溶解试验,纤维蛋白-琼脂平板溶解试验
胃蛋白酶,胃蛋白酶
尿卟胆原,尿卟胆原
血清载脂蛋白CII测定,血清载脂蛋白CII测定
脑脊液病原体检查,脑脊液病原体检查
血清补体C4含量测定,血清补体C4含量测定
抗肝肾微粒体抗体测定（LKM）,抗肝肾微粒体抗体测定（LKM）
尿早早孕试验,尿早早孕试验
孕尿雌三醇测定（E3）,孕尿雌三醇测定（E3）
寄生虫排泄物和分泌物检查,寄生虫排泄物和分泌物检查
寒冷凝集试验,寒冷凝集试验
抗丁型肝炎病毒IgG抗体,抗丁型肝炎病毒IgG抗体
红细胞膜磷脂,红细胞膜磷脂
普鲁卡因皮内试验,普鲁卡因皮内试验
X线钡影跳跃征,X线钡影跳跃征
尿氨基酸氮,尿氨基酸氮
梅毒血清反应的假阳性,梅毒血清反应的假阳性
乙型肝炎表面抗原,乙型肝炎表面抗原
促甲状腺激素释放激素,促甲状腺激素释放激素
血清硒(Se),血清硒(Se)
淋菌培养,淋菌培养
胎盘泌乳素（PL）,胎盘泌乳素（PL）
瞳孔检查,瞳孔检查
幽门螺旋杆菌的免疫学检测,幽门螺旋杆菌的免疫学检测
甘油三酯,甘油三酯
β1-妊娠特异蛋白,β1-妊娠特异蛋白
夫欧契试验,夫欧契试验
聚合酶链反应技术,聚合酶链反应技术
胃液乳酸定性试验,胃液乳酸定性试验
羊水渗透量(压),羊水渗透量(压)
优球蛋白的溶解时间,优球蛋白的溶解时间
谷氨酸脱氢酶,谷氨酸脱氢酶
异形淋巴细胞,异形淋巴细胞
抗骨骼肌抗体,抗骨骼肌抗体
血清β2-微球蛋白,血清β2-微球蛋白
屈肘试验,屈肘试验
撞击试验,撞击试验
"糖化血红蛋白组分（GHb,HbA1c）","糖化血红蛋白组分（GHb,HbA1c）"
血浆游离皮质醇,血浆游离皮质醇
血管彩超,血管彩超
粪便颜色,粪便颜色
4-胫脯氨酸,4-胫脯氨酸
血浆组织纤溶酶原活化物抑制物活性检测,血浆组织纤溶酶原活化物抑制物活性检测
肾动态显像,肾动态显像
子宫颈涂片测试,子宫颈涂片测试
血细胞分析仪,血细胞分析仪
血清补体C8含量,血清补体C8含量
骨碱性磷酸酶,骨碱性磷酸酶
指指试验,指指试验
肾癌检查,肾癌检查
β-内酰胺酶,β-内酰胺酶
粪便肌肉纤维,粪便肌肉纤维
皱缩红细胞,皱缩红细胞
禁水试验,禁水试验
颈动脉彩超,颈动脉彩超
精子制动试验,精子制动试验
鼻腔内镜检查,鼻腔内镜检查
优球蛋白溶解时间,优球蛋白溶解时间
血浆氟化物,血浆氟化物
血清已糖,血清已糖
黄体生成素（LH）,黄体生成素（LH）
生理无效腔（Vd/Vt）,生理无效腔（Vd/Vt）
血清转铁蛋白,血清转铁蛋白
听力检查法,听力检查法
抗胰岛素抗体,抗胰岛素抗体
粪便氮,粪便氮
急性肾功能衰竭诊断试验,急性肾功能衰竭诊断试验
细胞免疫检查,细胞免疫检查
球囊逼出试验,球囊逼出试验
压胸试验　　,压胸试验　　
尿前列腺素,尿前列腺素
PHA淋巴细胞转化试验,PHA淋巴细胞转化试验
碱性点彩红细胞计数,碱性点彩红细胞计数
干(硒)板静电摄影,干(硒)板静电摄影
白带pH值,白带pH值
血清癌胚抗原,血清癌胚抗原
多普勒超声心动图,多普勒超声心动图
抗麸质抗体,抗麸质抗体
左旋多巴兴奋GH试验,左旋多巴兴奋GH试验
血清载脂蛋白E测定,血清载脂蛋白E测定
血清铅（Pb）,血清铅（Pb）
尿酚红排泄试验(PSP),尿酚红排泄试验(PSP)
红斑狼疮细胞(LEC),红斑狼疮细胞(LEC)
血清白细胞介素8,血清白细胞介素8
拇指指甲滑动试验,拇指指甲滑动试验
尿亮氨酸氨基肽酶,尿亮氨酸氨基肽酶
输尿管镜检查,输尿管镜检查
尿液细菌培养,尿液细菌培养
FBC玫瑰花试验,FBC玫瑰花试验
面部色诊,面部色诊
雌激素试验,雌激素试验
羊水细胞性染色质检查,羊水细胞性染色质检查
连续血浆鱼精蛋白稀释试验,连续血浆鱼精蛋白稀释试验
土拉伦斯杆菌凝集试验,土拉伦斯杆菌凝集试验
色觉,色觉
特异性脂酶染色,特异性脂酶染色
妊高征预测方法,妊高征预测方法
乳酸（LA）,乳酸（LA）
甘氨酰脯氨酸二肽氨基肽酶,甘氨酰脯氨酸二肽氨基肽酶
淋巴细胞毒试验,淋巴细胞毒试验
棘球蚴皮内试验,棘球蚴皮内试验
脉搏,脉搏
胸部透视,胸部透视
部分凝血活酶时间,部分凝血活酶时间
粪便结石,粪便结石
丙氨酸,丙氨酸
粪颜色,粪颜色
血清α1-酸性糖蛋白（α1-AG）,血清α1-酸性糖蛋白（α1-AG）
网织红细胞计数（RC）,网织红细胞计数（RC）
脑脊液精氨酸加压素,脑脊液精氨酸加压素
兔感染试验,兔感染试验
皮肤与组织寄生虫的病原检查,皮肤与组织寄生虫的病原检查
GnRH兴奋试验,GnRH兴奋试验
并殖吸虫后尾蚴膜反应,并殖吸虫后尾蚴膜反应
羊水细菌检查,羊水细菌检查
床边试验,床边试验
妇科超声检查,妇科超声检查
脑脊液纤维连接蛋白,脑脊液纤维连接蛋白
胎心音,胎心音
血清皮质醇结合球蛋白,血清皮质醇结合球蛋白
最大中期呼气流速与最大中期流速时间（MMFR),最大中期呼气流速与最大中期流速时间（MMFR)
肾图检查,肾图检查
血清镉（Cd）,血清镉（Cd）
脑脊液C-反应蛋白,脑脊液C-反应蛋白
内视镜超音波术,内视镜超音波术
肝促凝血活酶试验,肝促凝血活酶试验
磷酸肌酸激同工酶,磷酸肌酸激同工酶
促甲状腺激素,促甲状腺激素
血清黏度,血清黏度
红细胞渗透脆性试验（ROFT）,红细胞渗透脆性试验（ROFT）
不孕的血型检查,不孕的血型检查
抗流行性出血热病毒抗体（EHF-AB）,抗流行性出血热病毒抗体（EHF-AB）
抗甲状腺过氧化物酶抗体（ATPO）,抗甲状腺过氧化物酶抗体（ATPO）
淋巴细胞转换试验（LTT）,淋巴细胞转换试验（LTT）
纤维蛋白溶解时间,纤维蛋白溶解时间
去甲基肾上腺素（NM）,去甲基肾上腺素（NM）
远视力检查法,远视力检查法
选择性心血管造影,选择性心血管造影
螺旋体蛋白补体结合试验,螺旋体蛋白补体结合试验
滤过紫外线检查,滤过紫外线检查
游离三碘甲状腺原氨酸（FT3）,游离三碘甲状腺原氨酸（FT3）
体温测量,体温测量
杆菌肽抑菌试验,杆菌肽抑菌试验
原地踏步试验,原地踏步试验
骨髓细菌培养,骨髓细菌培养
粪卟啉,粪卟啉
特殊细菌涂片检查,特殊细菌涂片检查
B淋巴细胞表面标志,B淋巴细胞表面标志
血小板凝集试验（PAgT）,血小板凝集试验（PAgT）
组织纤溶酶原激活物,组织纤溶酶原激活物
Schfrmer氏试验,Schfrmer氏试验
Tinel征,Tinel征
Y染色质,Y染色质
血清无机磷,血清无机磷
血清过氧化脂质,血清过氧化脂质
游离甲状腺素（FT4）,游离甲状腺素（FT4）
皮肤颜色,皮肤颜色
血吸虫间接血凝试验,血吸虫间接血凝试验
血清醛缩酶(ALD),血清醛缩酶(ALD)
膀胱逼尿肌功能检查,膀胱逼尿肌功能检查
脑代谢显像,脑代谢显像
卧立试验,卧立试验
半胱氨酸尿症筛查,半胱氨酸尿症筛查
抗核苷酶试验,抗核苷酶试验
脯氨酸,脯氨酸
妇科常规检查,妇科常规检查
国际标准智力测试,国际标准智力测试
尿17-酮类固醇,尿17-酮类固醇
地塞米松抑制醛固酮试验,地塞米松抑制醛固酮试验
儿童支气管镜检查,儿童支气管镜检查
抗热休克蛋白-60抗体,抗热休克蛋白-60抗体
"尿维生素B1（VitB1,VB1）","尿维生素B1（VitB1,VB1）"
丁型肝炎抗原,丁型肝炎抗原
1分钟胆红素,1分钟胆红素
精液检查,精液检查
Ⅱ级产前超声检查,Ⅱ级产前超声检查
脑脊液瘘孔定位,脑脊液瘘孔定位
尿沉渣12小时计数,尿沉渣12小时计数
血清天冬氨酶氨基转移酶同工酶,血清天冬氨酶氨基转移酶同工酶
骨髓象分析,骨髓象分析
尿液分析,尿液分析
羊水卵磷脂/鞘磷脂比值,羊水卵磷脂/鞘磷脂比值
关节镜检查,关节镜检查
孕酮(P),孕酮(P)
血清胆汁酸测定（TBA）,血清胆汁酸测定（TBA）
肾盂内压测定,肾盂内压测定
间接鼻咽镜,间接鼻咽镜
二硝基氟苯皮肤试验,二硝基氟苯皮肤试验
重复呼吸试验,重复呼吸试验
甲型肝炎抗体检测（抗-HAV）,甲型肝炎抗体检测（抗-HAV）
脑脊液铅,脑脊液铅
阴茎动脉血压/臂动脉血压,阴茎动脉血压/臂动脉血压
阴道活检,阴道活检
产科B超,产科B超
运动显像,运动显像
血清乳酸脱氢酶,血清乳酸脱氢酶
总三碘甲状腺原氨酸(TT3),总三碘甲状腺原氨酸(TT3)
血浆蛋白S测定,血浆蛋白S测定
NK细胞活性测定（ＮＫ）,NK细胞活性测定（ＮＫ）
活化部分凝血活酶时间（APTT）,活化部分凝血活酶时间（APTT）
胸壁检查,胸壁检查
膀胱造影,膀胱造影
胆道造影,胆道造影
眼压,眼压
脑神经检查,脑神经检查
痰液中柯什曼螺旋体,痰液中柯什曼螺旋体
毛发矿物质检查,毛发矿物质检查
深静脉通畅试验,深静脉通畅试验
尿儿茶酚胺,尿儿茶酚胺
变性珠蛋白小体检测,变性珠蛋白小体检测
胸部B超,胸部B超
结核杆菌的抗原、抗体检查,结核杆菌的抗原、抗体检查
"血清镁(Mg2+,Mg)","血清镁(Mg2+,Mg)"
口形红细胞,口形红细胞
CT造影增强扫描,CT造影增强扫描
血清α-羟丁酸脱氢酶（α-HBDH）,血清α-羟丁酸脱氢酶（α-HBDH）
蝰蛇毒时间,蝰蛇毒时间
脑血流灌注断层显像,脑血流灌注断层显像
痢疾杆菌检测,痢疾杆菌检测
F-波,F-波
抗内皮细胞抗体,抗内皮细胞抗体
运动觉,运动觉
白细胞分类计数,白细胞分类计数
血清钾,血清钾
膝反射,膝反射
全血镉,全血镉
尿丙氨酸,尿丙氨酸
肾脏叩诊,肾脏叩诊
沙眼衣原体,沙眼衣原体
三合诊,三合诊
性交后试验,性交后试验
载脂蛋白A-Ⅰ(ApoA-Ⅰ),载脂蛋白A-Ⅰ(ApoA-Ⅰ)
膈现象,膈现象
"抗神经元核抗体(Hu,Ri)","抗神经元核抗体(Hu,Ri)"
旋后肌肌力试验,旋后肌肌力试验
心肺功能运动试验（CPET）,心肺功能运动试验（CPET）
凝血因子活性测定(因子Ⅷ∶C、Ⅸ∶C),凝血因子活性测定(因子Ⅷ∶C、Ⅸ∶C)
涂片,涂片
小指屈指试验,小指屈指试验
脑脊液色氨酸试验,脑脊液色氨酸试验
"血清钠（Na+,Na）","血清钠（Na+,Na）"
纵隔镜检查,纵隔镜检查
丙型肝炎抗体检测（抗-HCV-Ig）,丙型肝炎抗体检测（抗-HCV-Ig）
肠镜,肠镜
标准碳酸氢盐(SB),标准碳酸氢盐(SB)
早早孕胶体金试条,早早孕胶体金试条
糖筛,糖筛
尿去氢异雄酮,尿去氢异雄酮
碱性磷酸酶染色,碱性磷酸酶染色
补液试验,补液试验
周期性阴道涂片,周期性阴道涂片
梅毒螺旋体明胶凝集试验,梅毒螺旋体明胶凝集试验
水负荷ADH抑制试验,水负荷ADH抑制试验
屏息试验,屏息试验
阴离子间隙（AG）,阴离子间隙（AG）
妇科疾病的病毒检查,妇科疾病的病毒检查
血尿素氮(BUN),血尿素氮(BUN)
血清补体C5含量,血清补体C5含量
尿总氮,尿总氮
对数视力表,对数视力表
超广谱β -内酰胺酶,超广谱β -内酰胺酶
淋球菌抗体检测,淋球菌抗体检测
肾上腺皮质显像,肾上腺皮质显像
腹腔灌洗试验,腹腔灌洗试验
抗内因子抗体,抗内因子抗体
抗心肌磷脂抗体,抗心肌磷脂抗体
脑血流显像,脑血流显像
静态视野检查,静态视野检查
腹部透视,腹部透视
实体觉,实体觉
血清γ-谷氨酰转肽酶（γ-GTP）,血清γ-谷氨酰转肽酶（γ-GTP）
尿含铁血黄素定性试验,尿含铁血黄素定性试验
精液果糖,精液果糖
妇科检查,妇科检查
唾液黏蛋白,唾液黏蛋白
甲状腺激素抑制试验,甲状腺激素抑制试验
抗心肌抗体,抗心肌抗体
可的松水试验,可的松水试验
肾上腺素试验,肾上腺素试验
低密度脂蛋白胆固醇(LDL-C),低密度脂蛋白胆固醇(LDL-C)
血液生化六项检查,血液生化六项检查
肝上、下界叩诊,肝上、下界叩诊
抗透明质酸酶,抗透明质酸酶
肿瘤断层显象,肿瘤断层显象
宫底高度检查,宫底高度检查
尿碱性磷酸酶,尿碱性磷酸酶
糖原染色,糖原染色
抗Scl-70抗体,抗Scl-70抗体
高密度脂蛋白2-胆固醇,高密度脂蛋白2-胆固醇
肾血流量,肾血流量
淋巴显像,淋巴显像
胰岛素抗体,胰岛素抗体
呼吸运动检查,呼吸运动检查
隐球菌病补体结合试验,隐球菌病补体结合试验
前列腺肿瘤标记（PSA）,前列腺肿瘤标记（PSA）
冷凝集试验,冷凝集试验
前置镜,前置镜
胃蛋白酶测定,胃蛋白酶测定
持水杯试验,持水杯试验
瞳孔外观,瞳孔外观
脑血流图,脑血流图
纤维蛋白降解产物,纤维蛋白降解产物
电子皮镜,电子皮镜
前列腺液显微镜检查,前列腺液显微镜检查
血清补体C9含量,血清补体C9含量
粪便植物细胞与植物纤维,粪便植物细胞与植物纤维
抗线粒体抗体,抗线粒体抗体
不孕的基础体温测定,不孕的基础体温测定
风疹病毒抗体IgG,风疹病毒抗体IgG
蠕形螨检查,蠕形螨检查
α2-纤溶酶抑制物活性,α2-纤溶酶抑制物活性
俯卧伸腰试验,俯卧伸腰试验
盆底肌电图检查,盆底肌电图检查
EA花环激活试验,EA花环激活试验
梳头试验,梳头试验
体重指数,体重指数
侧卧位肺灌注显像,侧卧位肺灌注显像
血氧饱和度,血氧饱和度
血凝抑制试验,血凝抑制试验
甲状旁腺激素（PTH）试验,甲状旁腺激素（PTH）试验
刚果红试验,刚果红试验
抗心肌细胞膜抗体,抗心肌细胞膜抗体
Hertel氏眼球突出计,Hertel氏眼球突出计
血清C1q,血清C1q
电子束CT,电子束CT
眼震电图描记法,眼震电图描记法
血清化学检查,血清化学检查
抗肌球蛋白抗体,抗肌球蛋白抗体
人绒毛膜促性腺激素,人绒毛膜促性腺激素
枫糖尿症筛查,枫糖尿症筛查
抗Sa抗体,抗Sa抗体
尿汞（Hg）,尿汞（Hg）
妇科炎症检查,妇科炎症检查
脾显像,脾显像
透明质酸酶,透明质酸酶
羊水与尿液鉴别试验,羊水与尿液鉴别试验
粪食物残渣,粪食物残渣
脑功能成像,脑功能成像
粪形状和硬度,粪形状和硬度
抗中性粒细胞抗体（ANGA）,抗中性粒细胞抗体（ANGA）
尿碘,尿碘
羊水细胞培养染色体检查,羊水细胞培养染色体检查
血吸虫抗体,血吸虫抗体
尿沉渣,尿沉渣
伸踝试验,伸踝试验
骨髓增生程度,骨髓增生程度
液气胸征,液气胸征
血清类固醇结合β-球蛋白,血清类固醇结合β-球蛋白
泪管显象,泪管显象
阴离子隙,阴离子隙
半乳糖耐量试验,半乳糖耐量试验
痰液显微镜检查,痰液显微镜检查
猪囊虫抗体,猪囊虫抗体
尿结晶,尿结晶
肱桡肌肌力试验,肱桡肌肌力试验
一秒用力呼出量／用力肺活量比值,一秒用力呼出量／用力肺活量比值
厌氧菌检测,厌氧菌检测
核糖核酸染色,核糖核酸染色
"尿钙(Ca2+,Ca)","尿钙(Ca2+,Ca)"
抗血小板膜糖蛋白自身抗体测定,抗血小板膜糖蛋白自身抗体测定
脊椎平片,脊椎平片
浆膜腔积液,浆膜腔积液
子宫颈活检,子宫颈活检
血栓弹力图,血栓弹力图
静态显像,静态显像
精子顶体酶,精子顶体酶
可溶性转铁蛋白受体测定,可溶性转铁蛋白受体测定
浆膜腔积液细胞计数,浆膜腔积液细胞计数
优生四项检查,优生四项检查
皮肤病的物理检查,皮肤病的物理检查
β2-微球蛋白清除试验,β2-微球蛋白清除试验
淀粉酶,淀粉酶
前列腺液中淀粉样体,前列腺液中淀粉样体
血小板ATP释放试验,血小板ATP释放试验
尿酸,尿酸
脯氨酸肽酶,脯氨酸肽酶
尿谷草转移酶,尿谷草转移酶
释放抗体试验,释放抗体试验
精液酸性磷酸酶,精液酸性磷酸酶
梅毒定性试验,梅毒定性试验
小指外展试验,小指外展试验
听力计,听力计
刮宫检查,刮宫检查
癣菌素试验,癣菌素试验
唾液尿素氮,唾液尿素氮
颅底片,颅底片
腹部听诊,腹部听诊
基础胃液分泌量/高峰胃液分泌量,基础胃液分泌量/高峰胃液分泌量
三碘甲状腺原氨酸（T3）,三碘甲状腺原氨酸（T3）
内生肌酐清除率,内生肌酐清除率
血清白蛋白与球蛋白比值（A/G）,血清白蛋白与球蛋白比值（A/G）
雄烯二酮（A）,雄烯二酮（A）
刚果红皮内实验,刚果红皮内实验
骨三相显象,骨三相显象
霍乱弧菌检测,霍乱弧菌检测
托马斯试验,托马斯试验
抗胃壁细胞抗体,抗胃壁细胞抗体
极低密度脂蛋白-胆固醇,极低密度脂蛋白-胆固醇
组织因子途径抑制物,组织因子途径抑制物
血清胰高血糖素（PG）,血清胰高血糖素（PG）
毛蚴孵化法,毛蚴孵化法
血浆肝素含量测定,血浆肝素含量测定
毛细血管抵抗力试验,毛细血管抵抗力试验
病理反射检查,病理反射检查
"反三碘甲状腺原氨酸(γT3,反T3)","反三碘甲状腺原氨酸(γT3,反T3)"
脱畸全套检查,脱畸全套检查
血清鸟氨酸氨基甲酰转移酶,血清鸟氨酸氨基甲酰转移酶
踝肱指数,踝肱指数
抗内因子抗体(AIFA),抗内因子抗体(AIFA)
胎盘生乳素,胎盘生乳素
骨盆外测量,骨盆外测量
脊柱椎体平扫,脊柱椎体平扫
循环血浆量,循环血浆量
孢子丝菌凝集试验,孢子丝菌凝集试验
抗组织相容性抗原-DR抗体,抗组织相容性抗原-DR抗体
垂体后叶素,垂体后叶素
呼气高峰流量（PEFR）,呼气高峰流量（PEFR）
桡骨膜反射,桡骨膜反射
间接检眼镜检查法,间接检眼镜检查法
半月板损伤的体征,半月板损伤的体征
尿道分泌物检查,尿道分泌物检查
室壁运动电影显示,室壁运动电影显示
肥达氏反应,肥达氏反应
皮肤涂片显微镜检查,皮肤涂片显微镜检查
脉波,脉波
尿沉渣管型检查,尿沉渣管型检查
舌咽神经检查,舌咽神经检查
职业病检查项目,职业病检查项目
埃可病毒抗体,埃可病毒抗体
铅笔滚动试验,铅笔滚动试验
尿亚硝酸盐（NIT）,尿亚硝酸盐（NIT）
外科检查,外科检查
凝血时间,凝血时间
尿环磷酸腺苷,尿环磷酸腺苷
角膜病灶刮片,角膜病灶刮片
尿管型,尿管型
糖发酵试验,糖发酵试验
每分钟肺泡通气量（VA）,每分钟肺泡通气量（VA）
Frenzel氏眼镜检查法,Frenzel氏眼镜检查法
血清α1-微球蛋白,血清α1-微球蛋白
尿稀释试验,尿稀释试验
头颅正侧位片,头颅正侧位片
亮氨酸氨基肽酶,亮氨酸氨基肽酶
生长激素,生长激素
尿钙定性试验,尿钙定性试验
脊柱弯曲度,脊柱弯曲度
光学相干断层扫描（OCT）,光学相干断层扫描（OCT）
全血硒,全血硒
全血砷,全血砷
羊水甲胎球蛋白,羊水甲胎球蛋白
肝表面状态和边缘,肝表面状态和边缘
钩端螺旋体乳胶凝集试验,钩端螺旋体乳胶凝集试验
多导睡眠图检查,多导睡眠图检查
血清尿素氮,血清尿素氮
粪特里布累,粪特里布累
促皮质素释放激素（CRH）兴奋试验,促皮质素释放激素（CRH）兴奋试验
血吸虫酶联免疫吸附试验,血吸虫酶联免疫吸附试验
红细胞血清总胆红素,红细胞血清总胆红素
肝实质显像,肝实质显像
尿β2微球蛋白清除率,尿β2微球蛋白清除率
眼球突出度,眼球突出度
头颅大小,头颅大小
头颅运动,头颅运动
前臂直尺试验,前臂直尺试验
非接触眼压计,非接触眼压计
尿维生素B2,尿维生素B2
抽屉试验,抽屉试验
尿17-生酮类固醇,尿17-生酮类固醇
角膜反射检查,角膜反射检查
鼻疽菌素皮内试验,鼻疽菌素皮内试验
下消化道摄影检查,下消化道摄影检查
眼科检查,眼科检查
棉签试验,棉签试验
集光检查法,集光检查法
单视标检查法,单视标检查法
眼球运动检查,眼球运动检查
痰液颜色,痰液颜色
胰岛细胞抗体,胰岛细胞抗体
肝脏疾病超声诊断,肝脏疾病超声诊断
血清甘油三脂,血清甘油三脂
腹部外形检查,腹部外形检查
酸性磷酸酶染色,酸性磷酸酶染色
梅毒血清试验,梅毒血清试验
维生素B3,维生素B3
平均红细胞血红蛋白含量(MCH),平均红细胞血红蛋白含量(MCH)
双氢睾酮,双氢睾酮
血液检查,血液检查
立体视觉,立体视觉
快速血浆反应素环状卡片实验,快速血浆反应素环状卡片实验
皮损,皮损
阴囊显象,阴囊显象
一氧化碳,一氧化碳
雌激素,雌激素
胆道支架引流（ERBD）,胆道支架引流（ERBD）
腹壁反射,腹壁反射
高峰胃酸分泌量测定（PAO）,高峰胃酸分泌量测定（PAO）
精子计数,精子计数
异形嗜中性粒细胞,异形嗜中性粒细胞
铁染色,铁染色
小气道功能,小气道功能
改良加藤法,改良加藤法
白细胞移动抑制试验,白细胞移动抑制试验
神经元特异性烯醇化酶（NSE）,神经元特异性烯醇化酶（NSE）
鳞状上皮细胞癌抗原（SCC）,鳞状上皮细胞癌抗原（SCC）
光敏感试验,光敏感试验
血块或血浆凝块溶解时间测定,血块或血浆凝块溶解时间测定
布氏杆菌凝集试验,布氏杆菌凝集试验
红细胞二磷酸甘油转移酶,红细胞二磷酸甘油转移酶
血清免疫球蛋白A（IgA）,血清免疫球蛋白A（IgA）
脑脊液动力学试验,脑脊液动力学试验
关节检查,关节检查
羊膜穿刺术,羊膜穿刺术
Hb-F碱变性试验,Hb-F碱变性试验
臂丛牵拉试验,臂丛牵拉试验
血浆凝血因子XI活性测定,血浆凝血因子XI活性测定
"cd55,cd59检测","cd55,cd59检测"
缗钱状红细胞,缗钱状红细胞
类风湿因子,类风湿因子
胃液潜血试验,胃液潜血试验
脑脊液氯化物,脑脊液氯化物
奥本汉姆征,奥本汉姆征
支气管激发试验（BPT）,支气管激发试验（BPT）
粪便酸碱度（粪便pH）,粪便酸碱度（粪便pH）
直肠镜检查,直肠镜检查
癌胚抗原（CEA）,癌胚抗原（CEA）
胃粘膜活检,胃粘膜活检
胰多肽,胰多肽
平均红细胞体积（MCV）,平均红细胞体积（MCV）
肌红蛋白,肌红蛋白
单核细胞计数(MONO),单核细胞计数(MONO)
泌乳素（PRL）分泌抑制试验,泌乳素（PRL）分泌抑制试验
泪液溶菌酶,泪液溶菌酶
血清亮氨酸氨基转肽酶（LAP）,血清亮氨酸氨基转肽酶（LAP）
D二聚体（DD）,D二聚体（DD）
伸肌紧张试验,伸肌紧张试验
尿钙,尿钙
促卵泡激素（FSH）,促卵泡激素（FSH）
β-羟丁酸,β-羟丁酸
颅内压监测,颅内压监测
胸腹水纤维蛋白降解产物,胸腹水纤维蛋白降解产物
肺部检查,肺部检查
纤维连接蛋白,纤维连接蛋白
粪便菌群失调,粪便菌群失调
屈腕试验,屈腕试验
中性粒细胞核鼓槌小体,中性粒细胞核鼓槌小体
血清总甲状腺素（TT4）,血清总甲状腺素（TT4）
磁共振血管造影,磁共振血管造影
血浆激肽释放酶原测定,血浆激肽释放酶原测定
痰液中寄生虫和虫卵,痰液中寄生虫和虫卵
气管移位检查,气管移位检查
胃液胃癌相关抗原,胃液胃癌相关抗原
血清镁,血清镁
抗盐水可提取性核抗原（ENA）抗体,抗盐水可提取性核抗原（ENA）抗体
抗核抗体（ANA）,抗核抗体（ANA）
精子顶体完整率检查,精子顶体完整率检查
人体各关节功能活动范围,人体各关节功能活动范围
两手互握试验,两手互握试验
闭目行走试验,闭目行走试验
肾上腺MRI检查,肾上腺MRI检查
尿苯丙酸试验,尿苯丙酸试验
骨髓异常细胞和寄生虫,骨髓异常细胞和寄生虫
CT检查,CT检查
尿蛋白定量,尿蛋白定量
呼气流速,呼气流速
核磁共振成像(MRI),核磁共振成像(MRI)
高峰胃酸分泌量,高峰胃酸分泌量
尿溶菌酶测定（ULYSO）,尿溶菌酶测定（ULYSO）
输卵管通畅检查,输卵管通畅检查
琼脂扩散试验,琼脂扩散试验
层粘连蛋白,层粘连蛋白
卡托普利肾图试验,卡托普利肾图试验
血尿素,血尿素
宫颈检查,宫颈检查
眼心反射,眼心反射
"血清球蛋白(G,GL0)","血清球蛋白(G,GL0)"
环卵沉淀试验,环卵沉淀试验
葡萄糖-6-磷酸脱氢酶,葡萄糖-6-磷酸脱氢酶
体脂肪率,体脂肪率
痰培养,痰培养
葡萄糖-6-磷酸脱氢酶缺乏症筛查,葡萄糖-6-磷酸脱氢酶缺乏症筛查
凝固酶试验,凝固酶试验
脾显象,脾显象
靛氰绿潴留试验,靛氰绿潴留试验
红细胞体积指数,红细胞体积指数
颞下颌关节检查,颞下颌关节检查
血液尿素氮与肌酐比值,血液尿素氮与肌酐比值
积液乳酸脱氢酶,积液乳酸脱氢酶
脑脊液促甲状腺素,脑脊液促甲状腺素
尿沉渣结晶检查,尿沉渣结晶检查
股四头肌肌力试验,股四头肌肌力试验
尿α1-微球蛋白,尿α1-微球蛋白
抗肝细胞膜抗原抗体,抗肝细胞膜抗原抗体
尿镉,尿镉
血浆因子Ⅷ抑制物定性测定,血浆因子Ⅷ抑制物定性测定
脑脊液颜色,脑脊液颜色
粪便磷酸盐,粪便磷酸盐
淋巴细胞计数（LY）,淋巴细胞计数（LY）
酶类肿瘤标志物检测,酶类肿瘤标志物检测
"血清白蛋白（ALB,A）","血清白蛋白（ALB,A）"
芬科斯试验,芬科斯试验
抗肾上腺皮质抗体,抗肾上腺皮质抗体
尿香草扁桃酸（VMA）,尿香草扁桃酸（VMA）
淘虫检查法,淘虫检查法
落臂试验,落臂试验
抗军团菌抗体试验,抗军团菌抗体试验
尿铍,尿铍
精液柠檬酸,精液柠檬酸
肝动态血池显像,肝动态血池显像
纤维支气管镜检查,纤维支气管镜检查
沙眼衣原体IgM和IgG,沙眼衣原体IgM和IgG
电子支气管镜检查,电子支气管镜检查
性激素六项检查,性激素六项检查
缓冲碱(BB),缓冲碱(BB)
尿微量清蛋白（mA1B）,尿微量清蛋白（mA1B）
中枢神经递质和受体显像,中枢神经递质和受体显像
痰及下呼吸道分泌物标本的细菌学检验,痰及下呼吸道分泌物标本的细菌学检验
热溶血试验,热溶血试验
尿环磷酸鸟苷,尿环磷酸鸟苷
追踪减影透视,追踪减影透视
直接胆红素与总胆红素比值,直接胆红素与总胆红素比值
口服法小肠造影,口服法小肠造影
上消化道内窥镜检查,上消化道内窥镜检查
心脏血管超声检查,心脏血管超声检查
十二指肠钡餐造影,十二指肠钡餐造影
尿游离皮质醇(UFC),尿游离皮质醇(UFC)
生长激素激发试验,生长激素激发试验
乳房摄片,乳房摄片
中剂量地塞米松抑制试验,中剂量地塞米松抑制试验
老年人体检,老年人体检
睾丸活检,睾丸活检
谷胱甘肽S转移酶,谷胱甘肽S转移酶
血清醛缩酶,血清醛缩酶
肛腹诊,肛腹诊
痰液中弹力纤维,痰液中弹力纤维
肢体血流图,肢体血流图
滤过钠排泄分数ＦＥＮa,滤过钠排泄分数ＦＥＮa
血清游离胆固醇,血清游离胆固醇
CT血管成像,CT血管成像
外阴部妇科常规检查,外阴部妇科常规检查
白细胞数,白细胞数
通气贮量比,通气贮量比
静脉肾盂造影（IVP）,静脉肾盂造影（IVP）
支原体检查法,支原体检查法
导尿术,导尿术
血小板粘附功能测定,血小板粘附功能测定
真菌的分离与鉴定,真菌的分离与鉴定
红细胞磷丙糖异构酶,红细胞磷丙糖异构酶
灭吐灵（MCP）兴奋PRL试验,灭吐灵（MCP）兴奋PRL试验
阴道窥器检查,阴道窥器检查
优生五项,优生五项
林纳试验,林纳试验
晶状体检查,晶状体检查
腹部包块,腹部包块
乙型肝炎病毒前S2抗原,乙型肝炎病毒前S2抗原
尿氨（NH3）,尿氨（NH3）
莱切曼试验,莱切曼试验
半乳糖血症筛查,半乳糖血症筛查
头面部触诊,头面部触诊
血清酸性磷酸酶,血清酸性磷酸酶
血小板钙流测定,血小板钙流测定
神经系统免疫学检验,神经系统免疫学检验
嗜碱性点彩红细胞,嗜碱性点彩红细胞
胰岛素低血糖兴奋GH、ACTH试验,胰岛素低血糖兴奋GH、ACTH试验
抗ENA抗体,抗ENA抗体
基础胃液分泌量/最大胃酸排量,基础胃液分泌量/最大胃酸排量
结节病抗原（Kveim）试验,结节病抗原（Kveim）试验
转头试验,转头试验
宫颈妇科常规检查,宫颈妇科常规检查
α2-纤溶酶抑制抗原,α2-纤溶酶抑制抗原
巩膜硬度,巩膜硬度
尿维生素C,尿维生素C
胰岛素刺激胃分泌试验,胰岛素刺激胃分泌试验
染色体核型分析,染色体核型分析
阿托品抑制GH试验,阿托品抑制GH试验
脑膜刺激征,脑膜刺激征
扫描电子显微镜,扫描电子显微镜
血液硫化血红蛋白,血液硫化血红蛋白
鼻咽部MRI检查,鼻咽部MRI检查
血小板体积分布宽度(PDW),血小板体积分布宽度(PDW)
c肽释放试验,c肽释放试验
气体分布,气体分布
脑脊液内皮素,脑脊液内皮素
脑脊液游离型髓鞘碱性蛋白抗体,脑脊液游离型髓鞘碱性蛋白抗体
泪道检查,泪道检查
肾病类尿常规,肾病类尿常规
骨髓粒细胞与有核红细胞比值（M/E）,骨髓粒细胞与有核红细胞比值（M/E）
阴茎夜间勃起试验检查,阴茎夜间勃起试验检查
全血容量,全血容量
血浆黏度（PV）,血浆黏度（PV）
一般摄片检查,一般摄片检查
肿瘤前哨淋巴结显像,肿瘤前哨淋巴结显像
精子活动力,精子活动力
四肢透视,四肢透视
血小板相关免疫球蛋白（PAIgG、PAIgA、PAIgM）,血小板相关免疫球蛋白（PAIgG、PAIgA、PAIgM）
血小板纤维蛋白原受体检测,血小板纤维蛋白原受体检测
闭目直立试验,闭目直立试验
口服法胆道造影,口服法胆道造影
尿锰,尿锰
弓形体筛选,弓形体筛选
药敏试验,药敏试验
对氨马尿酸清除率,对氨马尿酸清除率
外鼻检查,外鼻检查
军团菌血清学试验,军团菌血清学试验
骨髓浆细胞系统,骨髓浆细胞系统
尿6-酮-前列素F1a,尿6-酮-前列素F1a
雾视验光,雾视验光
尿液运铁蛋白,尿液运铁蛋白
鼻内激发试验,鼻内激发试验
脑脊液特异性梅毒螺旋体抗体,脑脊液特异性梅毒螺旋体抗体
Schiφtz氏压陷眼压计测量法,Schiφtz氏压陷眼压计测量法
乳房手术活检,乳房手术活检
轮替动作,轮替动作
纤溶酶原,纤溶酶原
乳房超声检查,乳房超声检查
位置觉,位置觉
经食管超声心动图(TEE),经食管超声心动图(TEE)
正电子发射计算机断层扫描(PET),正电子发射计算机断层扫描(PET)
生殖系统肿瘤检查项目,生殖系统肿瘤检查项目
C-myc基因（C-myc）,C-myc基因（C-myc）
蛋白C,蛋白C
胃液酸碱度(pH),胃液酸碱度(pH)
鼻腔检查,鼻腔检查
γ-干扰素,γ-干扰素
尿果糖,尿果糖
心血管造影,心血管造影
瞳孔计,瞳孔计
"二氧化碳分压（PCO2,PCO2）","二氧化碳分压（PCO2,PCO2）"
出血时间,出血时间
小肠镜检查,小肠镜检查
果糖耐量试验,果糖耐量试验
胃液气味,胃液气味
甲型肝炎病毒抗原（HAVAg）,甲型肝炎病毒抗原（HAVAg）
羊水细胞培养,羊水细胞培养
尿素氮,尿素氮
瓦色曼化反应,瓦色曼化反应
血氧饱和度(SaO2),血氧饱和度(SaO2)
屈肌紧张试验,屈肌紧张试验
血浆蛋白C抗原,血浆蛋白C抗原
全血汞,全血汞
针刺试验,针刺试验
巩膜检查法,巩膜检查法
高密度脂蛋白胆固醇,高密度脂蛋白胆固醇
溶血性乙型脑炎补体结合试验,溶血性乙型脑炎补体结合试验
免疫浊度技术,免疫浊度技术
胆道运动功能检测,胆道运动功能检测
十二指肠引流胰蛋白酶,十二指肠引流胰蛋白酶
绒毛膜促性腺激素β （HCG-β）,绒毛膜促性腺激素β （HCG-β）
癌抗原125（CA125）,癌抗原125（CA125）
尿三胆检查,尿三胆检查
中性粒细胞杀菌试验,中性粒细胞杀菌试验
尿氟（F）,尿氟（F）
视力筛查仪,视力筛查仪
红细胞检查,红细胞检查
电子肠镜,电子肠镜
不加热血清反应素实验,不加热血清反应素实验
阴道毛滴虫检查,阴道毛滴虫检查
抗登革病毒IgG抗体,抗登革病毒IgG抗体
道班征,道班征
足畸形检查,足畸形检查
孕激素试验,孕激素试验
胃食管反流测定和显像,胃食管反流测定和显像
冷溶血试验,冷溶血试验
血小板活化因子,血小板活化因子
抗甲状腺过氧化物酶自身抗体,抗甲状腺过氧化物酶自身抗体
抗平滑肌抗体（ASMA）,抗平滑肌抗体（ASMA）
14C呼气试验,14C呼气试验
血栓素B2,血栓素B2
β血小板球蛋白和血小板第4因子,β血小板球蛋白和血小板第4因子
精液细胞,精液细胞
游离甲状腺素,游离甲状腺素
中指试验,中指试验
前鼻镜检查,前鼻镜检查
血清锌,血清锌
血清补体C1q,血清补体C1q
痰液量,痰液量
血氨,血氨
尿妊娠胶乳凝集抑制试验,尿妊娠胶乳凝集抑制试验
HCG半定量,HCG半定量
静脉胆道造影,静脉胆道造影
粪气味,粪气味
尿维生素C（VitC）,尿维生素C（VitC）
脑电图检查,脑电图检查
阴茎海绵体血管活性物质注射,阴茎海绵体血管活性物质注射
轻瘫试验,轻瘫试验
血清甲状腺素,血清甲状腺素
肋锁挤压试验,肋锁挤压试验
环磷酸鸟苷,环磷酸鸟苷
甲状旁腺显像,甲状旁腺显像
动脉通畅性试验,动脉通畅性试验
脑脊液IgG/白蛋白比值,脑脊液IgG/白蛋白比值
屈拇握拳试验,屈拇握拳试验
全血铅,全血铅
血支原体抗体测定,血支原体抗体测定
脑脊液胆红素,脑脊液胆红素
核酸的分子杂交,核酸的分子杂交
白细胞介素1（IL-1）,白细胞介素1（IL-1）
子宫大小,子宫大小
糖化血红蛋白,糖化血红蛋白
抗环瓜氨酸多肽抗体（抗CCP）,抗环瓜氨酸多肽抗体（抗CCP）
骨骼叩诊,骨骼叩诊
干扰素,干扰素
全血镍（Ni）,全血镍（Ni）
血浆结合球蛋白半定量测定,血浆结合球蛋白半定量测定
红细胞花环试验,红细胞花环试验
尿乙酰乙酸,尿乙酰乙酸
血浆11-脱氧皮质酮,血浆11-脱氧皮质酮
方肩检查,方肩检查
尿液颜色,尿液颜色
脂蛋白电泳,脂蛋白电泳
载脂蛋白CⅠ,载脂蛋白CⅠ
谷氨酸,谷氨酸
胆囊触诊,胆囊触诊
乳糜微粒,乳糜微粒
红细胞比积(PCV),红细胞比积(PCV)
热放散试验,热放散试验
血清谷草转氨酶与血清谷-丙转氨酶比值,血清谷草转氨酶与血清谷-丙转氨酶比值
胰癌胚抗原（POA）,胰癌胚抗原（POA）
癌抗原50（CA50）,癌抗原50（CA50）
泪液pH,泪液pH
肺上皮细胞通透性（LEP）测定,肺上皮细胞通透性（LEP）测定
唾液钠,唾液钠
呼吸道合胞病毒抗体,呼吸道合胞病毒抗体
骨髓红细胞系统,骨髓红细胞系统
立克次体凝集试验,立克次体凝集试验
周围血中异型细胞检验,周围血中异型细胞检验
尿亚硝酸盐,尿亚硝酸盐
面容表情,面容表情
抗甲状腺微粒体抗体,抗甲状腺微粒体抗体
"餐后2小时血葡萄糖（2HPG,PBG）","餐后2小时血葡萄糖（2HPG,PBG）"
沙眼衣原体抗体,沙眼衣原体抗体
维生素H,维生素H
甲状腺吸碘率试验,甲状腺吸碘率试验
睾酮,睾酮
腹水检查,腹水检查
Bryan试验,Bryan试验
血清补体C3裂解物测定（C3SP）,血清补体C3裂解物测定（C3SP）
体外异种授精实验,体外异种授精实验
脑脊液亮氨酸-脑啡肽,脑脊液亮氨酸-脑啡肽
粪中结晶,粪中结晶
全血铬,全血铬
生殖道分泌物培养,生殖道分泌物培养
维生素B6（VitB6）,维生素B6（VitB6）
血清补体C4,血清补体C4
握力体重指数,握力体重指数
碱性胚胎蛋白,碱性胚胎蛋白
胰腺特异性抗原（PaA）,胰腺特异性抗原（PaA）
克利曼征,克利曼征
血清α-L-岩藻糖苷酶（α-FU）,血清α-L-岩藻糖苷酶（α-FU）
唾液醛固酮,唾液醛固酮
抗双链脱氧核糖核酸抗体（dsDNA）,抗双链脱氧核糖核酸抗体（dsDNA）
尿液去甲肾上腺素,尿液去甲肾上腺素
尿酸度,尿酸度
髋外旋外展试验,髋外旋外展试验
肛门指检,肛门指检
经支气管镜肺活检,经支气管镜肺活检
不随意运动检查,不随意运动检查
坐位体前屈测试,坐位体前屈测试
粪便显微镜检查,粪便显微镜检查
雌二醇,雌二醇
维生素B1,维生素B1
粪便中的卟啉,粪便中的卟啉
链激酶-链道酶试验,链激酶-链道酶试验
精子运动速度,精子运动速度
胰腺外分泌功能试验,胰腺外分泌功能试验
痰液气味,痰液气味
新斯的明试验,新斯的明试验
血吸虫皮内试验,血吸虫皮内试验
速发型变态反应皮肤测试,速发型变态反应皮肤测试
血浆17-羟孕酮（17-OHP）,血浆17-羟孕酮（17-OHP）
α1-抗胰蛋白酶,α1-抗胰蛋白酶
T4/T8比值,T4/T8比值
狼疮性抗凝因子,狼疮性抗凝因子
梅毒确诊试验,梅毒确诊试验
尿C肽,尿C肽
抗凝血酶Ⅲ活性和抗凝血酶Ⅲ抗原,抗凝血酶Ⅲ活性和抗凝血酶Ⅲ抗原
小肠造影,小肠造影
髋关节弹响试验,髋关节弹响试验
尿糖（GLU）,尿糖（GLU）
白细胞介素4（iL-4）,白细胞介素4（iL-4）
中性粒细胞比例(NEUT%),中性粒细胞比例(NEUT%)
手背浅静脉充盈度,手背浅静脉充盈度
石蕊牛乳试验,石蕊牛乳试验
痰液中细胞分类,痰液中细胞分类
血吸虫斑点酶联免疫吸附试验,血吸虫斑点酶联免疫吸附试验
血清胆碱酯酶（CHE）,血清胆碱酯酶（CHE）
经阴道超声,经阴道超声
胰胚抗原,胰胚抗原
三叉神经的面部感觉检查,三叉神经的面部感觉检查
脑脊液细胞计数（CST）,脑脊液细胞计数（CST）
眼功能检查,眼功能检查
血清肌酸激酶,血清肌酸激酶
烟碱,烟碱
糖链抗原50,糖链抗原50
血浆维生素B12,血浆维生素B12
冈达征,冈达征
"血清钙（Ca2+,Ca）","血清钙（Ca2+,Ca）"
精液酸度,精液酸度
瑞斯托霉素辅因子活性检测,瑞斯托霉素辅因子活性检测
等流量容积,等流量容积
尿游离皮质醇,尿游离皮质醇
乙肝病毒学指标,乙肝病毒学指标
科德曼征,科德曼征
输卵管酚磺酞通畅试验,输卵管酚磺酞通畅试验
血浆酮体,血浆酮体
甲型肝炎抗原,甲型肝炎抗原
血清脂蛋白-α,血清脂蛋白-α
嗜中性分叶核粒细胞数,嗜中性分叶核粒细胞数
肝区腹膜摩擦感,肝区腹膜摩擦感
血清免疫球蛋白G亚类,血清免疫球蛋白G亚类
脊柱检查,脊柱检查
口腔X光片检查,口腔X光片检查
血清补体C3裂解产物,血清补体C3裂解产物
药物刺激试验,药物刺激试验
内镜下胆道减压,内镜下胆道减压
痰液中分泌型IgA,痰液中分泌型IgA
"尿中白细胞（WBC,LEU）","尿中白细胞（WBC,LEU）"
"c-erbB-2基因检测（c-erbB-2,neu,HER-2）","c-erbB-2基因检测（c-erbB-2,neu,HER-2）"
指总伸肌肌力试验,指总伸肌肌力试验
丁型肝炎抗体,丁型肝炎抗体
血清苯丙氨酸（Phe）,血清苯丙氨酸（Phe）
角膜染色法,角膜染色法
膀胱残余尿量测定,膀胱残余尿量测定
溴隐亭（BCT）抑制PRL试验,溴隐亭（BCT）抑制PRL试验
磁共振波谱分析,磁共振波谱分析
尿微量清蛋白,尿微量清蛋白
肺通气功能,肺通气功能
脂肪酶,脂肪酶
血小板第Ⅳ因子,血小板第Ⅳ因子
胎儿生物物理相评分,胎儿生物物理相评分
醋酸AS-茶酚酯酶染色,醋酸AS-茶酚酯酶染色
飞行员体格检查,飞行员体格检查
脑脊液髓鞘碱性蛋白片段,脑脊液髓鞘碱性蛋白片段
高钠试验,高钠试验
面神经的味觉检查,面神经的味觉检查
尿浓缩与稀释功能试验,尿浓缩与稀释功能试验
跟骨叩击试验,跟骨叩击试验
血磷脂（PL）,血磷脂（PL）
阴道妇科常规检查,阴道妇科常规检查
中段尿细菌培养计数,中段尿细菌培养计数
抗甲型肝炎病毒IgA抗体,抗甲型肝炎病毒IgA抗体
脑脊液结合型髓鞘碱性蛋白,脑脊液结合型髓鞘碱性蛋白
脑脊液培养+药敏试验,脑脊液培养+药敏试验
肩外展摆动试验,肩外展摆动试验
乳酸与丙酮酸比值,乳酸与丙酮酸比值
纤维胃镜检查,纤维胃镜检查
子宫位置,子宫位置
α2-妊娠相关蛋白,α2-妊娠相关蛋白
红细胞葡萄糖磷酸异构酶,红细胞葡萄糖磷酸异构酶
血清醛缩酶同工酶,血清醛缩酶同工酶
氧化酶试验,氧化酶试验
幽门螺旋杆菌血清学测试,幽门螺旋杆菌血清学测试
脑脊液谷氨酰胺,脑脊液谷氨酰胺
小儿角膜检查法,小儿角膜检查法
腰背痛体格检查,腰背痛体格检查
包皮包茎检查,包皮包茎检查
最大胃酸分泌量测定（MAO）,最大胃酸分泌量测定（MAO）
小白鼠毒力试验,小白鼠毒力试验
肩关节外展试验,肩关节外展试验
微量补体溶血敏感试验,微量补体溶血敏感试验
颅脑MRI检查,颅脑MRI检查
甲状腺B型超声检查,甲状腺B型超声检查
高考体检,高考体检
四肢的骨和关节平片,四肢的骨和关节平片
孕激素,孕激素
尿比重（SG）,尿比重（SG）
高密度脂蛋白胆固醇(HDL-C),高密度脂蛋白胆固醇(HDL-C)
肾静态显像,肾静态显像
昼夜尿比重试验,昼夜尿比重试验
