src_id,tag_id
詹姆·斯图尔特,伊尔弗莫尼魔法学校
伊索特·塞耶,塞耶家族
伊索特·塞耶,斯图尔特家族
伊索特·塞耶,伊尔弗莫尼魔法学校
贝德维尔,亚瑟王
阿特米希亚·勒夫金,魔法部
韦恩·霍普金斯,霍格沃茨魔法学校
韦恩·霍普金斯,赫奇帕奇学院
西尔瓦努斯·凯特尔伯恩,霍格沃茨魔法学校
西尔瓦努斯·凯特尔伯恩,赫奇帕奇学院
西尔瓦努斯·凯特尔伯恩,凯特尔伯恩家庭
西莫·斐尼甘,邓布利多军
西莫·斐尼甘,霍格沃茨魔法学校
西莫·斐尼甘,斐尼甘家庭
西莫·斐尼甘,爱尔兰
蒂莉·托克,梅林爵士团
阿不思·邓布利多,梅林爵士团
阿不思·邓布利多,凤凰社
阿不思·邓布利多,邓布利多军
阿不思·邓布利多,霍格沃茨魔法学校
阿不思·邓布利多,变形学系
阿不思·邓布利多,英国魔法部
阿不思·邓布利多,魔法法律委员会
阿不思·邓布利多,威森加摩
阿不思·邓布利多,国际巫师联合会
阿不思·邓布利多,邓布利多家族
阿不思·邓布利多,老魔杖
莱姆斯·卢平,霍格沃茨魔法学校
莱姆斯·卢平,劫盗者
莱姆斯·卢平,凤凰社
莱姆斯·卢平,卢平家族
莱姆斯·卢平,唐克斯家庭
莱姆斯·卢平,波特家族
忒修斯·斯卡曼德,斯卡曼德家族
忒修斯·斯卡曼德,英国魔法部
忒修斯·斯卡曼德,傲罗办公室
尼法朵拉·唐克斯,霍格沃茨魔法学校
尼法朵拉·唐克斯,英国魔法部
尼法朵拉·唐克斯,傲罗办公室
尼法朵拉·唐克斯,凤凰社
尼法朵拉·唐克斯,先遣警卫
尼法朵拉·唐克斯,唐克斯家族
尼法朵拉·唐克斯,卢平家族
胖修士,霍格沃茨魔法学校
胖修士,天主教堂
布丽奇特·温洛克,霍格沃茨魔法学校
诺威尔·唐克,梅林爵士团
格罗根·斯顿普,魔法部
格罗根·斯顿普,塔特希尔龙卷风队
夏比,霍格沃茨魔法学校
夏比,赫奇帕奇魁地奇球队
夏比,赫奇帕奇学院
杜格德·麦克费尔,英国魔法部
杜格德·麦克费尔,霍格沃茨魔法学校
赫尔加·赫奇帕奇,霍格沃茨魔法学校
赫尔加·赫奇帕奇,赫奇帕奇家族
赫尔加·赫奇帕奇,赫奇帕奇学院
伍德克罗夫特的汉吉斯,霍格莫德村
瑟拉菲娜·皮奎利,皮奎利家族
瑟拉菲娜·皮奎利,美国魔法国会
瑟拉菲娜·皮奎利,伊尔弗莫尼魔法学校
瑟拉菲娜·皮奎利,长角水蛇学院
纽特·斯卡曼德,斯卡曼德家族
纽特·斯卡曼德,霍格沃茨魔法学校
纽特·斯卡曼德,赫奇帕奇学院
纽特·斯卡曼德,英国魔法部
纽特·斯卡曼德,魔法生物管理控制司
纽特·斯卡曼德,梅林爵士团
西弗勒斯·斯内普,霍格沃茨魔法学校
西弗勒斯·斯内普,食死徒
西弗勒斯·斯内普,莉莉·伊万斯
西弗勒斯·斯内普,阿不思·邓布利多
西弗勒斯·斯内普,凤凰社
西弗勒斯·斯内普,斯内普家庭
西弗勒斯·斯内普,普林斯家庭
西弗勒斯·斯内普,斯莱特林学院
塞德里克·迪戈里,迪戈里家族
塞德里克·迪戈里,霍格沃茨魔法学校
塞德里克·迪戈里,赫奇帕奇学院
塞德里克·迪戈里,赫奇帕奇魁地奇球队
珀西瓦里,亚瑟王
血人巴罗,霍格沃茨魔法学校
帕特里克·德莱尼-波德摩,无头猎手队
帕特里克·德莱尼-波德摩,波德摩家族
帕特里克·德莱尼-波德摩,霍格沃茨魔法学校
尼古拉斯·德·敏西-波平顿,亨利七世宫廷
尼古拉斯·德·敏西-波平顿,霍格沃茨魔法学校
尼古拉斯·德·敏西-波平顿,无头猎手队
理查一世,马屁精格雷戈里
安妮·博林,霍格沃茨魔法学校
莱格纳克一世,妖精
乔治三世,英国
阿尔法德·布莱克,布莱克家族
戴西·多德里奇,破釜酒吧
马里厄斯·布莱克,布莱克家族
郝琪,赫普兹巴·史密斯
弗利蒙·波特,波特家族
弗利蒙·波特,佩弗利尔家族
弗利蒙·波特,霍格沃茨魔法学校
弗利蒙·波特,格兰芬多学院
伊尔玛·克拉布,布莱克家族
伊尔玛·克拉布,克拉布家族
尤菲米娅·波特,波特家族
杜戈尔·麦格雷格,麦格雷格家庭
吉福德·奥勒敦,奥勒敦家族
戈德斯坦姐妹的父亲,戈德斯坦家族
阿布拉克萨斯·马尔福,马尔福家族
阿布拉克萨斯·马尔福,霍格沃茨魔法学校
阿布拉克萨斯·马尔福,斯莱特林学院
戈德斯坦姐妹的母亲,戈德斯坦家族
佩雷纳尔·勒梅,炼金术
伊格内希娅·怀尔德史密斯,霍格沃茨魔法学校
科迪莉亚·米塞里科迪亚,巫师议会
尼可·勒梅,炼金术
尼可·勒梅,阿不思·邓布利多
尼可·勒梅,勒梅家庭
德米特里·珀德,快速念咒
德克·克莱斯韦,魔法部
德克·克莱斯韦,妖精联络处
德克·克莱斯韦,霍格沃茨魔法学校
德克·克莱斯韦,鼻涕虫俱乐部
奥赖恩·布莱克,布莱克家族
奥赖恩·布莱克,霍格沃茨魔法学校
奥赖恩·布莱克,斯莱特林学院
雷古勒斯·布莱克,布莱克家族
雷古勒斯·布莱克,食死徒
雷古勒斯·布莱克,霍格沃茨魔法学校
雷古勒斯·布莱克,鼻涕虫俱乐部
雷古勒斯·布莱克,斯莱特林学院
雷古勒斯·布莱克,斯莱特林魁地奇球队
马沃罗·冈特,冈特家族
马沃罗·冈特,斯莱特林家族
马沃罗·冈特,佩弗利尔家族
罗德里·普伦顿,塔特希尔龙卷风队
罗德里·普伦顿,英格兰魁地奇代表队
鲁弗斯·斯克林杰,魔法部
鲁弗斯·斯克林杰,傲罗办公室
阿克图勒斯·布莱克二世,布莱克家族
菲尼亚斯·奈杰勒斯·布莱克,霍格沃茨魔法学校
菲尼亚斯·奈杰勒斯·布莱克,布莱克家族
埃尔芬斯通·埃尔科特,埃尔科特家庭
埃尔芬斯通·埃尔科特,麦格家族
埃尔芬斯通·埃尔科特,魔法部
埃尔芬斯通·埃尔科特,魔法法律执行司
小亨利·肖,肖家族
小亨利·肖,美国参议院
奥斯瓦尔德·比米什,妖精
伊德里斯·欧克白,哑炮支持协会
贝尔维娜·布莱克,布莱克家族
贝尔维娜·布莱克,博克家族
安格斯·布坎南,苏格兰橄榄球代表队
安格斯·布坎南,布坎南家庭
沃尔布加·布莱克,布莱克家族
沃尔布加·布莱克,霍格沃茨魔法学校
沃尔布加·布莱克,斯莱特林学院
威尔米娜·塔夫特,英国魔法部
玛丽·卢·巴瑞波恩,巴瑞波恩家族
玛丽·卢·巴瑞波恩,新塞勒姆慈善协会
玛丽·卢·巴瑞波恩,第二塞勒姆教堂
雷古勒斯·布莱克一世,布莱克家族
卡斯提蒂·巴瑞波恩,新塞勒姆慈善协会
卡斯提蒂·巴瑞波恩,巴瑞波恩家族
雅各布·科瓦尔斯基的兄弟,科瓦尔斯基家庭
赫普兹巴·史密斯,史密斯家族
赫普兹巴·史密斯,赫奇帕奇家族
赫普兹巴·史密斯,汤姆·马沃罗·里德尔
赫普兹巴·史密斯,博金-博克
桃金娘·沃伦,沃伦家庭
桃金娘·沃伦,霍格沃茨魔法学校
桃金娘·沃伦,拉文克劳学院
桃金娘·沃伦,哈利·波特
桃金娘·沃伦,德拉科·马尔福
尤尼斯·默里,蒙特罗斯喜鹊队
贾斯特斯·皮利维克,魔法部
西格纳斯·布莱克二世,布莱克家族
马琳·麦金农,凤凰社
马琳·麦金农,麦金农家庭
莉莉·伊万斯,凤凰社
莉莉·伊万斯,霍格沃茨魔法学校
莉莉·伊万斯,鼻涕虫俱乐部
莉莉·伊万斯,格兰芬多学院
莉莉·伊万斯,波特家族
莉莉·伊万斯,伊万斯家庭
威尔克斯,食死徒
威尔克斯,霍格沃茨魔法学校
埃拉朵拉·布莱克,布莱克家族
维努西亚·奎克利,英国魔法部
维努西亚·奎克利,傲罗办公室
天狼星·布莱克二世,布莱克家族
爱米琳·万斯,凤凰社
爱米琳·万斯,先遣警卫
多卡斯·维尔比拉夫,绝望女巫协会
查莉丝·布莱克,布莱克家族
查莉丝·布莱克,克劳奇家族
查莉丝·布莱克,霍格沃茨魔法学校
小天狼星·布莱克,布莱克家族
小天狼星·布莱克,霍格沃茨魔法学校
小天狼星·布莱克,劫猎者
小天狼星·布莱克,波特家族
小天狼星·布莱克,凤凰社
多卡斯·梅多斯,凤凰社
伯莎·乔金斯,魔法部
詹姆·波特,波特家族
詹姆·波特,伊万斯家庭
詹姆·波特,霍格沃茨魔法学校
詹姆·波特,劫盗者
詹姆·波特,格兰芬多学院
詹姆·波特,格兰芬多魁地奇球队
詹姆·波特,凤凰社
本吉·芬威克,凤凰社
汉娜·艾博的母亲,艾博家族
哈维·瑞吉比特,罗马尼亚火龙保护区
费比安·普威特,普威特家族
费比安·普威特,凤凰社
吉迪翁·普威特,普威特家族
吉迪翁·普威特,凤凰社
利奥波迪娜·斯梅绥克,斯梅绥克家族
罗伊纳·拉文克劳,霍格沃茨魔法学校
罗伊纳·拉文克劳,拉文克劳家族
玛莎·斯图尔特,斯图尔特家族
卢克丽霞·布莱克,布莱克家族
卢克丽霞·布莱克,普威特家族
西格纳斯·布莱克三世,布莱克家族
西格纳斯·布莱克三世,霍格沃茨魔法学校
卡西欧佩娅·布莱克,布莱克家族
卡西欧佩娅·布莱克,霍格沃茨魔法学校
波佩图阿·范考特,霍格沃茨魔法学校
波佩图阿·范考特,拉文克劳学院
马克西米兰·克劳迪,英国魔法部
埃德里奇·迪戈里,魔法部
埃德里奇·迪戈里,霍格沃茨魔法学校
霍诺利亚·纳特科姆,母夜叉改革协会
戴丽丝·德文特,霍格沃茨魔法学校
戴丽丝·德文特,圣芒戈魔法伤病医院
迪芙娜·弗马吉,魔法部
艾尔弗丽达·克拉格,巫师议会
威廉·塞耶,塞耶家族
雷欧娜·塞耶,塞耶家族
萨迪厄斯·瑟克尔,瑟克尔家庭
劳瑞娜·卡玛,卡玛家族
奈莫恩·拉德福德,魔法部
芒戈·博纳姆,圣芒戈魔法伤病医院
卡多根,亚瑟王
卡多根,霍格沃茨魔法学校
兰斯洛特 (骑士),亚瑟王
苏珊·博恩斯,博恩斯家庭
苏珊·博恩斯,霍格沃茨魔法学校
苏珊·博恩斯,赫奇帕奇学院
苏珊·博恩斯,邓布利多军
巴尔弗·布兰,实验咒语委员会
巴麦尊勋爵,英国
巴麦尊勋爵,英国政府
巴麦尊勋爵,麻瓜社会
阿奇博尔德·阿尔德顿,小德罗平村
天狼星·布莱克一世,布莱克家族
拉弗恩·德·蒙莫朗西,霍格沃茨魔法学校
秋·张,张氏家庭
秋·张,邓布利多军
秋·张,霍格沃茨魔法学校
秋·张,拉文克劳学院
秋·张,拉文克劳魁地奇球队
罗恩·韦斯莱,格兰芬多魁地奇球队
罗恩·韦斯莱,查德里火炮队
罗恩·韦斯莱,邓布利多军
罗恩·韦斯莱,魔法部
罗恩·韦斯莱,霍格沃茨魔法学校
罗恩·韦斯莱,家养小精灵解放阵线
罗恩·韦斯莱,凤凰社
罗恩·韦斯莱,哈利·波特
罗恩·韦斯莱,韦斯莱魔法把戏坊
罗恩·韦斯莱,韦斯莱家族
罗恩·韦斯莱,格兰杰家庭
罗恩·韦斯莱,普威特家族
乔治·韦斯莱,邓布利多军
乔治·韦斯莱,凤凰社
乔治·韦斯莱,霍格沃茨魔法学校
乔治·韦斯莱,格兰芬多学院
乔治·韦斯莱,格兰芬多魁地奇球队
乔治·韦斯莱,韦斯莱家族
乔治·韦斯莱,普威特家族
乔治·韦斯莱,韦斯莱魔法把戏坊
扎卡赖斯·史密斯,史密斯家族
扎卡赖斯·史密斯,邓布利多军
扎卡赖斯·史密斯,霍格沃茨魔法学校
扎卡赖斯·史密斯,赫奇帕奇学院
扎卡赖斯·史密斯,赫奇帕奇魁地奇球队
金妮·韦斯莱,霍格沃茨魔法学校
金妮·韦斯莱,格兰芬多学院
金妮·韦斯莱,格兰芬多魁地奇球队
金妮·韦斯莱,邓布利多军
金妮·韦斯莱,鼻涕虫俱乐部
金妮·韦斯莱,霍利黑德哈比队
金妮·韦斯莱,《预言家日报》
金妮·韦斯莱,韦斯莱家族
金妮·韦斯莱,波特家族
金妮·韦斯莱,普威特家庭
金妮·韦斯莱,凤凰社
安东尼·戈德斯坦,霍格沃茨魔法学校
安东尼·戈德斯坦,拉文克劳学院
安东尼·戈德斯坦,邓布利多军
安东尼·戈德斯坦,戈德斯坦家族
弗雷德·韦斯莱,邓布利多军
弗雷德·韦斯莱,凤凰社
弗雷德·韦斯莱,霍格沃茨魔法学校
弗雷德·韦斯莱,格兰芬多学院
弗雷德·韦斯莱,格兰芬多魁地奇球队
弗雷德·韦斯莱,韦斯莱魔法把戏坊
弗雷德·韦斯莱,波特瞭望站
弗雷德·韦斯莱,韦斯莱家族
弗雷德·韦斯莱,普威特家族
厄尼·麦克米兰,麦克米兰家族
厄尼·麦克米兰,邓布利多军
厄尼·麦克米兰,霍格沃茨魔法学校
厄尼·麦克米兰,赫奇帕奇学院
泰瑞·布特,邓布利多军
泰瑞·布特,布特家族
泰瑞·布特,霍格沃茨魔法学校
泰瑞·布特,拉文克劳学院
汉娜·艾博,霍格沃茨魔法学校
汉娜·艾博,赫奇帕奇学院
汉娜·艾博,邓布利多军
汉娜·艾博,隆巴顿家族
汉娜·艾博,艾博家族
汉娜·艾博,破釜酒吧
卢娜·洛夫古德,洛夫古德家庭
卢娜·洛夫古德,斯卡曼德家族
卢娜·洛夫古德,霍格沃茨魔法学校
卢娜·洛夫古德,拉文克劳学院
卢娜·洛夫古德,邓布利多军
卢娜·洛夫古德,凤凰社
卢娜·洛夫古德,《唱唱反调》
米勒娃·麦格,麦格家族
米勒娃·麦格,埃尔科特家族
米勒娃·麦格,阿不思·邓布利多
米勒娃·麦格,凤凰社
米勒娃·麦格,霍格沃茨魔法学校
米勒娃·麦格,变形学系
米勒娃·麦格,格兰芬多学院
米勒娃·麦格,格兰芬多魁地奇球队
米勒娃·麦格,英国魔法部
米勒娃·麦格,魔法法律执行司
米勒娃·麦格,邓布利多军
多洛雷斯·乌姆里奇,魔法部
多洛雷斯·乌姆里奇,麻瓜出身登记委员会
多洛雷斯·乌姆里奇,威森加摩
多洛雷斯·乌姆里奇,霍格沃茨魔法学校
多洛雷斯·乌姆里奇,调查行动组
多洛雷斯·乌姆里奇,食死徒
雅各布·科瓦尔斯基,科瓦尔斯基家庭
韦伯·布特,伊尔弗莫尼魔法学校
韦伯·布特,布特家族
韦伯·布特,斯图尔特家族
布特兄弟的母亲,布特家族
丽塔·斯基特,《预言家日报》
丽塔·斯基特,《巫师周刊》
丽塔·斯基特,《唱唱反调》
厄恩·普兰,骑士公共汽车
芬里尔·格雷伯克,伏地魔
芬里尔·格雷伯克,食死徒
芬里尔·格雷伯克,搜捕队员
芬里尔·格雷伯克,狼人军队
达力·德思礼,德思礼家庭
达力·德思礼,斯梅廷中学
达力·德思礼,他的同伙
山口隆一,日本魁地奇国家队
厄克特,霍格沃茨魔法学校
厄克特,斯莱特林学院
厄克特,斯莱特林魁地奇球队
贡萨洛·弗洛雷斯,巴西魁地奇国家队
若久耀西,日本魁地奇国家队
费尔南多·迪亚兹,巴西魁地奇国家队
托尼·席尔瓦,巴西魁地奇国家队
拉斐尔·桑托斯,巴西魁地奇国家队
埃洛迪·登贝莱,科特迪瓦魁地奇国家队
轰木,日本魁地奇国家队
劳尔·阿尔梅达,巴西魁地奇国家队
亚历汉德拉·阿隆索,巴西魁地奇国家队
佐藤典子,日本魁地奇国家队
卡洛斯·科多阿尔多,巴西魁地奇国家队
黑泽贵美子,日本魁地奇国家队
苏珊·布兰奇弗劳尔,美国魁地奇国家队
查莉蒂·威尔金森,美国魔法国会
伯纳黛特,美国魔法国会
默西·沃德韦尔,美国魁地奇国家队
玛莎·斯图尔特二世,伊尔弗莫尼魔法学校
玛莎·斯图尔特二世,斯图尔特家族
老亨利·肖,肖家族
兰登·肖,肖家族
卢卡斯·皮奎利,美国魁地奇国家队
伊丽莎白·麦吉利葛蒂,美国魔法国会
约西亚·杰克森,美国魔法国会
索恩顿·哈卡威,美国魔法国会
罗伯特·葛林斯汀奇,美国魔法国会
奎妮·戈德斯坦,伊尔弗莫尼魔法学校
奎妮·戈德斯坦,普克奇学院
奎妮·戈德斯坦,美国魔法国会
奎妮·戈德斯坦,戈德斯坦家族
阿森尼娅·冈萨雷斯,美国魁地奇国家队
艾吉尔伯特·冯塔纳,伊尔弗莫尼魔法学校
马克西·布兰奇三世,美国魁地奇国家队
马克西·布兰奇三世,菲奇堡飞雀队
艾伯尔·弗莱明,美国魔法国会
莫迪丝蒂·巴瑞波恩,巴瑞波恩家族
克莱登斯·巴瑞波恩,巴瑞波恩家族
克莱登斯·巴瑞波恩,盖勒特·格林德沃
卡斯帕·克劳奇,克劳奇家族
卡斯帕·克劳奇,布莱克家族
博尔,斯莱特林魁地奇球队
兰斯洛特 (治疗师),圣芒戈
兰斯洛特 (治疗师),普威特家族
冈希尔达·尼恩,尼恩家庭
卡拉多克·迪尔伯恩,凤凰社
伊格内修斯·普威特,普威特家族
伊格内修斯·普威特,韦斯莱家族
伊格内修斯·普威特,布莱克家族
伊万斯姐妹的父亲,伊万斯家庭
乔艾·詹肯斯,查德里火炮队
丹尼斯,达力·德思礼一伙人
莱桑德拉·亚克斯利,布莱克家族
莱桑德拉·亚克斯利,亚克斯利家族
C.沃林顿,斯莱特林魁地奇球队
C.沃林顿,调查行动组
C.沃林顿,霍格沃茨魔法学校
鲍曼·赖特,魁地奇
罗丝·韦斯莱,韦斯莱家族
罗丝·韦斯莱,格兰杰家庭
罗丝·韦斯莱,普威特家族
罗丝·韦斯莱,波特家族
罗丝·韦斯莱,霍格沃茨魔法学校
本吉·威廉姆斯,普德米尔联队
路易·韦斯莱,韦斯莱家族
路易·韦斯莱,德拉库尔家族
路易·韦斯莱,普威特家族
伊格内修斯·塔夫特,英国魔法部
多纳汉·特姆利特,古怪姐妹演唱组
多纳汉·特姆利特,特姆利特家庭
杰克·斯劳珀,霍格沃茨魔法学校
杰克·斯劳珀,格兰芬多学院
杰克·斯劳珀,格兰芬多魁地奇球队
伦纳德·斯潘塞-莫恩,英国魔法部
达摩克利斯·罗尔,英国魔法部
罗夫·斯卡曼德,《预言家日报》
罗夫·斯卡曼德,斯卡曼德家族
罗夫·斯卡曼德,洛夫古德家庭
纽特·斯卡曼德的母亲,斯卡曼德家族
S.卡珀,霍格沃茨魔法学校
查勒斯·波特,波特家族
艾琳·普林斯,普林斯家庭
艾琳·普林斯,斯内普家庭
艾琳·普林斯,霍格沃茨魔法学校
艾欧兰斯·佩弗利尔,佩弗利尔家族
艾欧兰斯·佩弗利尔,波特家族
珀尔修斯·帕金森,英国魔法部
吉米·珀克斯,珀克斯家族
吉米·珀克斯,霍格沃茨魔法学校
吉米·珀克斯,格兰芬多学院
吉米·珀克斯,格兰芬多魁地奇球队
安克谢斯·奥斯博特,英国魔法部
伊格诺图斯·佩弗利尔的儿子,佩弗利尔家族
伊万杰琳·奥平顿,英国魔法部
哈罗德·明彻姆,英国魔法部
卡思伯特·莫克里奇,魔法部
霍滕西亚·米里法特,英国魔法部
爱洛伊丝·米德根的父亲,米德根家庭
卡特丽娜·麦克玛,波特里狂人队
卡特丽娜·麦克玛,麦克玛家庭
米格安·麦克玛,波特里狂人队
米格安·麦克玛,麦克玛家庭
布鲁图斯·马尔福,马尔福家族
布鲁图斯·马尔福,《战争中的巫师》
杜戈尔·麦克布莱德,波特里狂人队
塞普蒂默斯·马尔福,魔法部
洛肯·麦克莱德,英国魔法部
洛肯·麦克莱德,霍格沃茨魔法学校
阿拉斯代尔·马多克,蒙特罗斯喜鹊队
哈米什·麦克法兰,蒙特罗斯喜鹊队
哈米什·麦克法兰,魔法部
潘多拉·洛夫古德,洛夫古德家族
安德鲁·柯克,格兰芬多魁地奇球队
安德鲁·柯克,霍格沃茨魔法学校
拉道夫斯·莱斯特兰奇,英国魔法部
吉德罗·洛哈特,霍格沃茨魔法学校
吉德罗·洛哈特,黑魔法防御联盟
吉德罗·洛哈特,圣芒戈魔法伤病医院
吉德罗·洛哈特,梅林爵士团勋章
吉德罗·洛哈特,洛哈特家庭
罗兰·凯格,英格兰高布石队
波蒂厄斯·纳奇布尔,英国魔法部
尤金尼娅·詹肯斯,英国魔法部
达芙妮·格林格拉斯,格林格拉斯家族
达芙妮·格林格拉斯,霍格沃茨魔法学校
达芙妮·格林格拉斯,斯莱特林学院
加尔文·格杰恩,查德里火炮队
加尔文·格杰恩,格杰恩家庭
赫斯菲斯托斯·戈尔,英国魔法部
赫斯菲斯托斯·戈尔,傲罗办公室
尤里克·甘普,威森加摩
尤里克·甘普,英国魔法部
尤里克·甘普,英国政府
蒂娜·戈德斯坦,戈德斯坦家族
蒂娜·戈德斯坦,斯卡曼德家族
蒂娜·戈德斯坦,伊尔弗莫尼魔法学校
蒂娜·戈德斯坦,雷鸟学院
蒂娜·戈德斯坦,美国魔法国会
海斯帕·甘普,布莱克家族
海斯帕·甘普,甘普家族
奥塔莱恩·甘布尔,英国魔法部
安布罗修·弗鲁姆,霍格沃茨魔法学校
安布罗修·弗鲁姆,鼻涕虫俱乐部
安布罗修·弗鲁姆,蜂蜜公爵
马库斯·弗林特,斯莱特林魁地奇球队
马库斯·弗林特,霍格沃茨魔法学校
马库斯·弗林特,斯莱特林学院
马库斯·弗林特,弗林特家族
巴兹尔·弗莱克,英国魔法部
乌尔苏拉·弗林特,布莱克家族
乌尔苏拉·弗林特,弗林特家族
约瑟芬娜·弗林特,英国魔法部
鲁弗斯·福吉,魔法部
鲁弗斯·福吉,福吉家庭
阿切尔·埃弗蒙德,英国魔法部
杰玛·法利,霍格沃茨魔法学校
杰玛·法利,斯莱特林学院
赫克托·弗利,英国魔法部
普里西拉·杜邦,英国魔法部
阿不福思·邓布利多,猪头酒吧
阿不福思·邓布利多,凤凰社
阿不福思·邓布利多,邓布利多家族
阿不福思·邓布利多,霍格沃茨魔法学校
玛丽·卡特莫尔,卡特莫尔家庭
凯文·布罗德莫,法尔茅斯猎鹰队
卡尔·布罗德莫,法尔茅斯猎鹰队
维奥莱塔·伯斯德,布莱克家族
维奥莱塔·伯斯德,伯斯德家族
艾伯特·布特,英国魔法部
卡莉朵拉·布莱克,布莱克家族
卡莉朵拉·布莱克,隆巴顿家族
丹尼斯·毕肖普,伍氏孤儿院
卢多·巴格曼的父亲,巴格曼家庭
艾米·本森,伍氏孤儿院
卢多·巴格曼,温布恩黄蜂队
卢多·巴格曼,魔法部
卢多·巴格曼,巴格曼家庭
巴巴吉德·阿金巴德,国际巫师联合会
哈桑·穆斯塔发,埃及
哈桑·穆斯塔发,国际魁地奇联合会
海因里希·埃伯斯塔,国际巫师联合会
加布丽·德拉库尔,德拉库尔家族
加布丽·德拉库尔,布斯巴顿魔法学院
布鲁诺·施密特,施密特家庭
迪米特洛夫,保加利亚魁地奇国家队
佐格拉夫,保加利亚魁地奇国家队
奥托·奥博梅尔,列支敦士登魔法部
内丽达·沃卡诺娃,德姆斯特朗学院
内丽达·沃卡诺娃,沃卡诺夫家族
奥特马尔·弗里克,列支敦士登魁地奇国家队
格奥尔基·兹德拉夫科,保加利亚魁地奇国家队
沃尔科夫,保加利亚魁地奇国家队
波里斯·沃卡诺夫,保加利亚魁地奇国家队
莱弗斯基,莱弗斯基家庭
莱弗斯基,保加利亚魁地奇国家队
沃卡诺夫,保加利亚魁地奇国家队
尼古拉·瓦西勒娃,保加利亚魁地奇国家队
斯托扬卡·格罗兹达,保加利亚魁地奇国家队
卡尔·王,挪威魁地奇国家队
约瑟夫·朗斯基,格罗济斯克妖精队
拉尔斯·伦德克万,挪威魁地奇国家队
布特兄弟的父亲,布特家族
芙蓉·德拉库尔,布斯巴顿魔法学院
芙蓉·德拉库尔,凤凰社
芙蓉·德拉库尔,德拉库尔家族
芙蓉·德拉库尔,韦斯莱家族
芙蓉·德拉库尔,哈利·波特
芙蓉·德拉库尔,布斯巴顿魔法学院
芙蓉·德拉库尔,古灵阁巫师银行
查威克·布特,伊尔弗莫尼魔法学校
查威克·布特,布特家族
查威克·布特,斯图尔特家族
查威克·布特,卡德隆-布特家族
爱洛伊丝·敏塔布,英国魔法部
赫敏·格兰杰,邓布利多军
赫敏·格兰杰,哈利·波特
赫敏·格兰杰,霍格沃茨魔法学校
赫敏·格兰杰,鼻涕虫俱乐部
赫敏·格兰杰,魔法部
赫敏·格兰杰,魔法生物管理控制司
赫敏·格兰杰,魔法法律执行司
赫敏·格兰杰,家养小精灵权益促进会
赫敏·格兰杰,凤凰社
赫敏·格兰杰,韦斯莱家族
赫敏·格兰杰,格兰杰家庭
蒙太,霍格沃茨魔法学校
蒙太,斯莱特林学院
蒙太,斯莱特林魁地奇球队
蒙太,调查行动组
蒙太,蒙太家庭
曼蒂·布洛贺,布洛贺家庭
曼蒂·布洛贺,霍格沃茨魔法学校
曼蒂·布洛贺,拉文克劳学院
伊尔凡·赖斯,威尔士魁地奇代表队
罗尔斯顿·波特,波特家族
皮皮鬼,霍格沃茨魔法学校
哈利·波特,波特家族
哈利·波特,韦斯莱家族
哈利·波特,阿不思·邓布利多
哈利·波特,邓布利多军
哈利·波特,凤凰社
哈利·波特,霍格沃茨魔法学校
哈利·波特,格兰芬多学院
哈利·波特,格兰芬多魁地奇球队
哈利·波特,鼻涕虫俱乐部
哈利·波特,英国魔法部
哈利·波特,傲罗办公室
哈利·波特,魔法法律执行司
哈利·波特,S.P.E.W.
钱伯斯,拉文克劳魁地奇球队
亨利·波特,威森加摩
亨利·波特,波特家族
莉莎·杜平,霍格沃茨魔法学校
莉莎·杜平,拉文克劳学院
米里森·巴格诺,英国魔法部
米里森·巴格诺,霍格沃茨魔法学校
西比尔·特里劳尼,霍格沃茨魔法学校
西比尔·特里劳尼,拉文克劳学院
西比尔·特里劳尼,鼻涕虫俱乐部
西比尔·特里劳尼,凤凰社
西比尔·特里劳尼,邓布利多军
西比尔·特里劳尼,特里劳尼家族
哈德温·波特,波特家族
布拉德利,拉文克劳魁地奇球队
阿不思·西弗勒斯·波特,波特家族
阿不思·西弗勒斯·波特,韦斯莱家族
阿不思·西弗勒斯·波特,霍格沃茨魔法学校
怪人尤里克,霍格沃茨魔法学校
伊格诺图斯·佩弗利尔,佩弗利尔家族
伊格诺图斯·佩弗利尔,死亡圣器
达伦·奥黑尔,肯梅尔红隼队
达伦·奥黑尔,爱尔兰魁地奇国家队
达伦·奥黑尔,爱尔兰
哈方·蒙特,德姆斯特朗学院
老罗伯特·麦格,麦格家族
艾丹·林齐,爱尔兰魁地奇国家队
艾丹·林齐,爱尔兰
穆斯塔法·卡玛,卡玛家族
杰基·杰尼根,威尔士魁地奇代表队
吉姆·汉密尔顿,苏格兰橄榄球代表队
戴伊·卢埃林,卡菲利飞弩队
戈德里克·格兰芬多,霍格沃茨魔法学校
戈德里克·格兰芬多,格兰芬多学院
斯图亚特·霍格,苏格兰橄榄球代表队
达伦·弗洛伊德,威尔士魁地奇代表队
德拉戈米尔·高尔格维奇,查德里火炮队
若昂·科埃略,塔拉波托树上飞队
若昂·科埃略,卡斯特罗布舍
兰科罗斯·卡尔佩,霍格沃茨魔法学校
鲁道夫·布兰德,海德堡猎犬队
鲁道夫·布兰德,布兰德家庭
阿斯托里亚·格林格拉斯,格林格拉斯家族
阿斯托里亚·格林格拉斯,马尔福家族
利巴修·波拉奇,卡斯特罗布舍
凯利·布朗,苏格兰橄榄球代表队
凯利·布朗,布朗家族
莫恩,莫恩家族
莫恩,霍格沃茨魔法学校
肯尼思·托勒,霍格沃茨魔法学校
莎莉安·波克斯,波克斯家庭
莎莉安·波克斯,霍格沃茨魔法学校
莫拉格·麦克道格,霍格沃茨魔法学校
希思科特·巴巴里,古怪姐妹
爱洛伊丝·米德根,霍格沃茨魔法学校
爱洛伊丝·米德根,米德根家庭
梅林达·波宾,鼻涕虫俱乐部
梅林达·波宾,波宾家庭
戴维·格杰恩,霍格沃茨魔法学校
戴维·格杰恩,格杰恩家庭
瓦赛,斯莱特林魁地奇球队
梅林,梅林爵士团
梅林,霍格沃茨魔法学校
梅林,斯莱特林学院
梅林,亚瑟王的宫廷
埃尔德·沃普尔,鼻涕虫俱乐部
埃尔德·沃普尔,霍格沃茨魔法学校
哈罗德·丁戈,霍格沃茨魔法学校
德里安·普塞,霍格沃茨魔法学校
德里安·普塞,斯莱特林魁地奇球队
德里安·普塞,斯莱特林学院
德雷克,霍格沃茨魔法学校
德里克,斯莱特林魁地奇球队
哈珀,斯莱特林魁地奇球队
安多米达·唐克斯,凤凰社
帕翠霞·斯廷森,霍格沃茨魔法学校
弗里德瓦法,海格家庭
弗里德瓦法,巨人群落
尤普拉西娅·摩尔,霍格沃茨魔法学校
威尔达·格里思,霍利黑德哈比队
威尔达·格里思,普德米尔联队
奥罗拉·辛尼斯塔,霍格沃茨魔法学校
奥罗拉·辛尼斯塔,天文学系
威尔米娜·格拉普兰,霍格沃茨魔法学校
奥利夫·洪贝,霍格沃茨魔法学校
塞德瑞拉·布莱克,布莱克家族
塞德瑞拉·布莱克,韦斯莱家族
佩妮·德思礼,伊万斯家庭
佩妮·德思礼,德思礼家庭
Z.内特尔斯,内特尔斯家庭
周雅,国际巫师联合会
罗克珊·韦斯莱,韦斯莱家族
罗克珊·韦斯莱,约翰逊家庭
多米尼克·韦斯莱,韦斯莱家族
多米尼克·韦斯莱,德拉库尔家族
多米尼克·韦斯莱,普威特家族
雷欧娜·斯图尔特,伊尔弗莫尼魔法学校
雷欧娜·斯图尔特,斯图尔特家族
亨利·波特的母亲,弗利蒙家族
亨利·波特的母亲,波特家族
塞蒂娜·沃贝克,霍格沃茨魔法学校
塞蒂娜·沃贝克,格兰芬多学院
老罗伯特·麦格的母亲,麦格家族
瓦尔梅·摩根,摩根家庭
瓦尔梅·摩根,霍利黑德哈比队
纳波·伯尼卡,新西兰魁地奇国家队
格韦诺格·琼斯,霍格沃茨魔法学校
格韦诺格·琼斯,鼻涕虫俱乐部
格韦诺格·琼斯,霍利黑德哈比队
格韦诺格·琼斯,琼斯家族
特罗卡,霍格沃茨魔法学校
拉环,古灵阁巫师银行
吉迪翁·克拉姆,古怪姐妹
鲁伯·海格,霍格沃茨魔法学校
鲁伯·海格,格兰芬多学院
鲁伯·海格,凤凰社
鲁伯·海格,海格家庭
鲁伯·海格,阿不思·邓布利多
鲁伯·海格,哈利·波特
柯利·杜克,古怪姐妹
柯利·杜克,麦克玛家庭
迈伦·瓦格泰尔,古怪姐妹演唱组
玛姬·德思礼,德思礼家庭
默库斯,大湖人鱼群落
默库斯,人鱼村落
默库斯,阿不思·邓布利多
奥尔西诺·斯拉斯顿,古怪姐妹
菲尼亚斯·布莱克,布莱克家族
马格纳斯·麦克唐纳,头顶坩埚
赫尔伯特·斯普林,圣芒戈魔法伤病医院
赫尔伯特·斯普林,《预言家日报》
汤姆,破釜酒吧
比尔·韦斯莱,韦斯莱家族
比尔·韦斯莱,普威特家族
比尔·韦斯莱,霍格沃茨魔法学校
比尔·韦斯莱,格兰芬多学院
比尔·韦斯莱,凤凰社
比尔·韦斯莱,古灵阁巫师银行
比尔·韦斯莱,德拉库尔家族
特洛伊,爱尔兰魁地奇国家队
维基·弗罗比舍,魔咒俱乐部
莫兰,爱尔兰魁地奇国家队
约塞利德·瓦德考克,普德米尔联队
杰弗里·胡珀,胡珀家庭
杰弗里·胡珀,霍格沃茨魔法学校
杰弗里·胡珀,格兰芬多学院
格韦诺格,魁地沼
格韦诺格,魁地奇
查理·韦斯莱,韦斯莱家族
查理·韦斯莱,普威特家族
查理·韦斯莱,霍格沃茨魔法学校
查理·韦斯莱,格兰芬多学院
查理·韦斯莱,格兰芬多魁地奇球队
查理·韦斯莱,罗马尼亚火龙保护区
查理·韦斯莱,凤凰社
帕金 (守门员),威格敦流浪汉队
奎格利,爱尔兰魁地奇国家队
奥利弗·伍德,霍格沃茨魔法学校
奥利弗·伍德,格兰芬多学院
奥利弗·伍德,格兰芬多魁地奇球队
奥利弗·伍德,普德米尔联队
巴里·瑞安,爱尔兰魁地奇国家队
斯廷奇库姆的林弗雷德,波特家族
亚瑟·韦斯莱,韦斯莱家族
亚瑟·韦斯莱,普威特家族
亚瑟·韦斯莱,波特家族
亚瑟·韦斯莱,凤凰社
亚瑟·韦斯莱,英国魔法部
亚瑟·韦斯莱,魔法法律执行司
亚瑟·韦斯莱,禁止滥用麻瓜物品办公室
亚瑟·韦斯莱,伪劣防御咒及防护用品侦查收缴办公室
亚瑟·韦斯莱,霍格沃茨魔法学校
亚瑟·韦斯莱,格兰芬多学院
福洛林·福斯科,福斯科家族
福洛林·福斯科,福洛林·福斯科冰淇淋店
法里斯·斯帕文,英国魔法部
诺比·利奇,英国魔法部
贝内迪塔·多拉多,卡斯特罗布舍
威基·泰克罗斯,英国魔法部
威基·泰克罗斯,霍格沃茨魔法学校
阿莫斯·迪戈里,英国魔法部
阿莫斯·迪戈里,迪戈里家族
索尔·克罗克,魔法部
阿诺德·皮斯古德,魔法部
奥古斯特·卢克伍德,食死徒
奥古斯特·卢克伍德,伏地魔
奥古斯特·卢克伍德,英国魔法部
奥古斯特·卢克伍德,神秘事务司
菲波斯·彭罗斯,魔法部
托福迪,巫师考试管理局
芭斯谢达·巴布林,霍格沃茨魔法学校
格丝尔达·玛奇班,威森加摩
格丝尔达·玛奇班,巫师考试管理局
格丝尔达·玛奇班,魔法部
阿基·阿尔德顿,阿基·阿尔德顿快修店
鲍勃·奥勒敦,奥勒敦家族
巴纳比·奥勒敦,奥勒敦家族
比尔·奥勒敦,奥勒敦家族
德夫林·怀特霍恩,光轮比赛扫帚公司
埃布尔·巴德摩,巴德摩家庭
阿格斯·费尔奇,霍格沃茨魔法学校
阿格斯·费尔奇,洛丽丝夫人
梅莲姆·斯特劳,圣芒戈魔法伤病医院
梅莲姆·斯特劳,杰纳斯·西奇病房
希伯克拉特·斯梅绥克,圣芒戈
希伯克拉特·斯梅绥克,斯梅绥克家族
秋·张的丈夫,张氏家庭
爬虫馆的管理员,动物园爬虫馆
纸店女孩,奥特里·圣卡奇波尔村纸店
米拉贝拉·普伦基特,普伦基特家族
莫丽·韦斯莱二世,韦斯莱家族
莱桑德·斯卡曼德,斯卡曼德家族
莱桑德·斯卡曼德,洛夫古德家族
马尔科姆,达力·德思礼一伙人
洛肯·斯卡曼德,斯卡曼德家族
洛肯·斯卡曼德,洛夫古德家族
詹姆·小天狼星·波特,波特家族
詹姆·小天狼星·波特,韦斯莱家族
詹姆·小天狼星·波特,普威特家族
詹姆·小天狼星·波特,佩弗利尔家族
詹姆·小天狼星·波特,霍格沃茨魔法学校
尤安·阿伯克龙比,霍格沃茨魔法学校
尤安·阿伯克龙比,格兰芬多学院
斯科皮·马尔福,马尔福家族
斯科皮·马尔福,格林格拉斯家族
莉莉·卢娜·波特,波特家族
莉莉·卢娜·波特,韦斯莱家族
莉莉·卢娜·波特,普威特家族
莉莉·卢娜·波特,佩弗利尔家族
雨果·韦斯莱,韦斯莱家族
雨果·韦斯莱,格兰杰家庭
雨果·韦斯莱,普威特家族
雨果·韦斯莱,波特家族
戈登,达力·德思礼一伙人
格丝尔达·乔金斯,乔金斯家族
邓巴·奥格尔索普,Q.U.A.B.B.L.E.
埃格蒙特·霍布德,霍布德家庭
比尔·韦斯莱的巴西笔友,卡斯特罗布舍
德姆斯特朗女生,德姆斯特朗学院
约拉·布莱克,布莱克家族
塞普蒂默斯·韦斯莱,韦斯莱家族
坎坦克卢斯·诺特,纯血统优越主义
霍诺利亚,邓布利多家族
特拉弗斯,食死徒
特拉弗斯,英国魔法部
查勒斯·波特的儿子,波特家族
查勒斯·波特的儿子,布莱克家族
巴托罗缪·巴瑞波恩,肃清者
巴托罗缪·巴瑞波恩,巴瑞波恩家族
马法尔达·霍普柯克,英国魔法部
马法尔达·霍普柯克,食死徒
斯坦·桑帕克,食死徒
斯坦·桑帕克,骑士公共汽车
阿拉斯托·穆迪,凤凰社
阿拉斯托·穆迪,先遣警卫
阿拉斯托·穆迪,霍格沃茨魔法学校
阿拉斯托·穆迪,魔法部
阿拉斯托·穆迪,傲罗办公室
佩内洛·克里瓦特,克里瓦特家族
佩内洛·克里瓦特,霍格沃茨魔法学校
佩内洛·克里瓦特,拉文克劳学院
珀西瓦尔·格雷维斯,美国魔法国会
珀西瓦尔·格雷维斯,魔法法律执行部
珀西瓦尔·格雷维斯,调查组
珀西瓦尔·格雷维斯,格雷维斯家族
巴希达·巴沙特,邓布利多家族
巴希达·巴沙特,波特家族
巴希达·巴沙特,霍格沃茨魔法学校
秋·张的父亲,英国魔法部
秋·张的父亲,张氏家庭
鲍勃·希钦斯,布莱克家族
特伦斯·希格斯,霍格沃茨魔法学校
特伦斯·希格斯,斯莱特林魁地奇球队
特伦斯·希格斯,斯莱特林学院
西莫·斐尼甘的父亲,斐尼甘家庭
梅森,梅森家庭
弗农·德思礼,德思礼家庭
弗农·德思礼,格朗宁公司
梅森的妻子,梅森家庭
托比亚·斯内普,斯内普家庭
托比亚·斯内普,普林斯家庭
纳西莎·马尔福,马尔福家族
纳西莎·马尔福,斯莱特林学院
萨拉查·斯莱特林,霍格沃茨魔法学校
萨拉查·斯莱特林,斯莱特林家族
萨拉查·斯莱特林,斯莱特林学院
卑鄙的海尔波,黑魔法
德拉科·马尔福,霍格沃茨魔法学校
德拉科·马尔福,斯莱特林学院
德拉科·马尔福,斯莱特林魁地奇球队
德拉科·马尔福,调查行动组
德拉科·马尔福,德拉科·马尔福一伙人
德拉科·马尔福,食死徒
德拉科·马尔福,马尔福家族
德拉科·马尔福,布莱克家族
德拉科·马尔福,魔法部
德拉科·马尔福,格林格拉斯家族
卢修斯·马尔福,霍格沃茨魔法学校
卢修斯·马尔福,魔法部
卢修斯·马尔福,食死徒
卢修斯·马尔福,马尔福家族
卢修斯·马尔福,鼻涕虫俱乐部
卢修斯·马尔福,斯莱特林学院
汤姆·里德尔,食死徒
汤姆·里德尔,霍格沃茨魔法学校
汤姆·里德尔,魔法部
汤姆·里德尔,鼻涕虫俱乐部
汤姆·里德尔,博金-博克
汤姆·里德尔,斯莱特林学院
科沃斯·莱斯特兰奇四世,莱斯特兰奇家族
盖勒特·格林德沃,德姆斯特朗学院
盖勒特·格林德沃,盖勒特·格林德沃的军队
贝拉特里克斯·莱斯特兰奇,食死徒
贝拉特里克斯·莱斯特兰奇,布莱克家族
贝拉特里克斯·莱斯特兰奇,罗齐尔家族
贝拉特里克斯·莱斯特兰奇,莱斯特兰奇家族
贝拉特里克斯·莱斯特兰奇,伏地魔
贝拉特里克斯·莱斯特兰奇,霍格沃茨魔法学校
贝拉特里克斯·莱斯特兰奇,斯莱特林学院
葛姆蕾·冈特,冈特家族
葛姆蕾·冈特,斯莱特林家族
安东宁·多洛霍夫,多洛霍夫家族
安东宁·多洛霍夫,伏地魔
安东宁·多洛霍夫,食死徒
女巫追捕小分队队长,女巫追捕小分队
玛丽·麦克唐纳,霍格沃茨魔法学校
艾博,艾博家族
糊涂波里斯,霍格沃茨魔法学校
比利·斯塔布斯,伍氏孤儿院
弗雷德·韦斯莱二世,韦斯莱家族
玛莎,伍氏孤儿院
尼古拉斯·马尔福,马尔福家族
哈方·隆巴顿,隆巴顿家族
哈方·隆巴顿,布莱克家族
希利亚德·霍布德,霍布德家庭
维奥莱塔·霍布德,霍布德家庭
秋·张的母亲,英国魔法部
秋·张的母亲,张氏家庭
沃尔特·帕金的孩子,威格敦流浪汉队
沃尔特·帕金的孩子,帕金家庭
罗伯茨,罗伯茨家庭
赫伯特·博克,博克家族
赫伯特·博克,布莱克家族
